angDist,Sample_1,Object,OName,RAJ2000_1,DEJ2000_1,ObsDate,_tab1_7,TexpUVB,TexpVIS,TexpNIR,Lupus,Notes_1,n_Object,FHa,e_FHa,EWHa,e_EWHa,FHb,e_FHb,EWHb,e_EWHb,FHg,e_FHg,EWHg,e_EWHg,FHd,e_FHd,EWHd,e_EWHd,l_FHe,FHe,e_FHe,EWHe,e_EWHe,ra,dec,_RAJ2000,_DEJ2000,Region,CName,RAJ2000_2,DEJ2000_2,alpha,OType,FJ,FH,FKs,FIR1,FIR2,FIR3,FIR4,FMP1,FMP2,Sample_2,SpType,Teff,e_Teff,AV,Dist,logL_,e_logL_,R_,e_R_,l_M__B98_,M__B98_,e_M__B98_,l_M__B15_,M__B15_,e_M__B15_,M__DM97_,e_M__DM97_,l_M__DM97_,M__S00_,e_M__S00_,Notes_2,Template,l_logLacc,logLacc,l_logdMacc_dt_B98_,logdMacc_dt_B98_,l_logdMacc_dt_B15_,logdMacc_dt_B15_,l_logdMacc_dt_DM98_,logdMacc_dt_DM98_,l_logdMacc_dt_S00_,logdMacc_dt_S00_,Note,SimbadName
0.039546,,2MASS J16081497-3857145,,16 08 14.96,-38 57 14.5,2015-04-20,2457132.335763,4x900,4x850,4x960,III,,,1.26e-14,4e-16,-8.882,1.47,3.73e-15,3.3e-16,-8.207,2.71,2.34e-15,2.7e-16,-6.399,0.475,1.77e-15,2.3e-16,-3.236,0.521,,9.63e-16,1.87e-16,-2.138,0.251,242.0623333333333,-38.95402777777778,242.062347,-38.954025,LUP_III,J160815.0-385714,242.062347,-38.954025,-0.71,YSOc,1.31,2.0,3.72,4.55,5.35,5.78,5.8,7.88,,N,M5.5,3060,71,1.50,200,0.0087,0.0047,0.33,0.09,,0.09,0.02,,0.10,0.03,0.12,0.03,,0.10,0.02,,SO925,,-3.4,,-10.23,,-10.27,,-10.35,,-10.27,,2MASS J16081497-3857145
0.039546,,2MASS J16081497-3857145,,16 08 14.96,-38 57 14.5,2015-04-20,2457132.335763,4x900,4x850,4x960,III,,,1.26e-14,4e-16,-8.882,1.47,3.73e-15,3.3e-16,-8.207,2.71,2.34e-15,2.7e-16,-6.399,0.475,1.77e-15,2.3e-16,-3.236,0.521,,9.63e-16,1.87e-16,-2.138,0.251,242.0623333333333,-38.95402777777778,242.062347,-38.954025,LUP_III,J160815.0-385714,242.062347,-38.954025,-0.71,YSOc,1.31,2.0,3.72,4.55,5.35,5.78,5.8,7.88,,N,M5.5,3060,71,1.50,200,0.0087,0.0047,0.33,0.09,,0.09,0.02,,0.10,0.03,0.12,0.03,,0.10,0.02,,SO925,,-3.4,,-10.23,,-10.27,,-10.35,,-10.27,,2MASS J16081497-3857145
0.039546,,2MASS J16081497-3857145,,16 08 14.96,-38 57 14.5,2015-04-20,2457132.335763,4x900,4x850,4x960,III,,,1.26e-14,4e-16,-8.882,1.47,3.73e-15,3.3e-16,-8.207,2.71,2.34e-15,2.7e-16,-6.399,0.475,1.77e-15,2.3e-16,-3.236,0.521,,9.63e-16,1.87e-16,-2.138,0.251,242.0623333333333,-38.95402777777778,242.062347,-38.954025,LUP_III,J160815.0-385714,242.062347,-38.954025,-0.71,YSOc,1.31,2.0,3.72,4.55,5.35,5.78,5.8,7.88,,N,M5.5,3060,71,1.50,200,0.0087,0.0047,0.33,0.09,,0.09,0.02,,0.10,0.03,0.12,0.03,,0.10,0.02,,SO925,,-3.4,,-10.23,,-10.27,,-10.35,,-10.27,,2MASS J16081497-3857145
0.038583,,2MASS J16085324-3914401,,16 08 53.23,-39 14 40.3,2015-07-12,2457215.136035,2x450,2x400,2x480,III,,,4.87e-14,2.8e-15,-0.849,0.094,9.61e-15,1.78e-15,-0.545,0.207,5.92e-15,1.64e-15,-0.53,0.185,4.69e-15,1.68e-15,-0.622,0.279,,5.71e-15,1.94e-15,-1.616,0.43,242.22179166666663,-39.244527777777776,242.221786,-39.244518,LUP_III,J160853.2-391440,242.221786,-39.244518,-1.14,YSOc_star+dust(IR3),47.0,79.0,80.2,57.1,46.7,43.7,45.5,54.9,119.0,N,M3,3415,79,1.90,200,0.3020,0.1477,1.57,0.38,,0.42,0.08,,0.29,0.04,0.24,0.05,,0.32,0.04,,TWA15,,-3.1,,-9.92,,-9.76,,-9.68,,-9.80,,2MASS J16085324-3914401
0.038583,,2MASS J16085324-3914401,,16 08 53.23,-39 14 40.3,2015-07-12,2457215.136035,2x450,2x400,2x480,III,,,4.87e-14,2.8e-15,-0.849,0.094,9.61e-15,1.78e-15,-0.545,0.207,5.92e-15,1.64e-15,-0.53,0.185,4.69e-15,1.68e-15,-0.622,0.279,,5.71e-15,1.94e-15,-1.616,0.43,242.22179166666663,-39.244527777777776,242.221786,-39.244518,LUP_III,J160853.2-391440,242.221786,-39.244518,-1.14,YSOc_star+dust(IR3),47.0,79.0,80.2,57.1,46.7,43.7,45.5,54.9,119.0,N,M3,3415,79,1.90,200,0.3020,0.1477,1.57,0.38,,0.42,0.08,,0.29,0.04,0.24,0.05,,0.32,0.04,,TWA15,,-3.1,,-9.92,,-9.76,,-9.68,,-9.80,,2MASS J16085324-3914401
0.038583,,2MASS J16085324-3914401,,16 08 53.23,-39 14 40.3,2015-07-12,2457215.136035,2x450,2x400,2x480,III,,,4.87e-14,2.8e-15,-0.849,0.094,9.61e-15,1.78e-15,-0.545,0.207,5.92e-15,1.64e-15,-0.53,0.185,4.69e-15,1.68e-15,-0.622,0.279,,5.71e-15,1.94e-15,-1.616,0.43,242.22179166666663,-39.244527777777776,242.221786,-39.244518,LUP_III,J160853.2-391440,242.221786,-39.244518,-1.14,YSOc_star+dust(IR3),47.0,79.0,80.2,57.1,46.7,43.7,45.5,54.9,119.0,N,M3,3415,79,1.90,200,0.3020,0.1477,1.57,0.38,,0.42,0.08,,0.29,0.04,0.24,0.05,,0.32,0.04,,TWA15,,-3.1,,-9.92,,-9.76,,-9.68,,-9.80,,2MASS J16085324-3914401
0.138815,,2MASS J16085373-3914367,,16 08 53.73,-39 14 36.7,2015-05-23,2457165.287007,4x900,4x850,4x960,III,1,+,6.72e-15,1.14e-15,-5.954,1.5,,,,,,,,,,,,,,,,,,242.223875,-39.24352777777778,242.223862,-39.243565,LUP_III,J160853.7-391437,242.223862,-39.243565,-1.22,YSOc_star+dust(IR2),1.64,4.0,6.56,7.3,6.52,5.79,5.07,5.9,0.0,N,M5.5,3060,71,4.00,200,0.0066,0.0028,0.29,0.06,,0.09,0.02,,0.10,0.03,0.12,0.03,,0.10,0.02,,---,,-3.7,,-10.58,,-10.63,,-10.71,,-10.63,b,2MASS J16085373-3914367
0.138815,,2MASS J16085373-3914367,,16 08 53.73,-39 14 36.7,2015-05-23,2457165.287007,4x900,4x850,4x960,III,1,+,6.72e-15,1.14e-15,-5.954,1.5,,,,,,,,,,,,,,,,,,242.223875,-39.24352777777778,242.223862,-39.243565,LUP_III,J160853.7-391437,242.223862,-39.243565,-1.22,YSOc_star+dust(IR2),1.64,4.0,6.56,7.3,6.52,5.79,5.07,5.9,0.0,N,M5.5,3060,71,4.00,200,0.0066,0.0028,0.29,0.06,,0.09,0.02,,0.10,0.03,0.12,0.03,,0.10,0.02,,---,,-3.7,,-10.58,,-10.63,,-10.71,,-10.63,b,2MASS J16085373-3914367
0.138815,,2MASS J16085373-3914367,,16 08 53.73,-39 14 36.7,2015-05-23,2457165.287007,4x900,4x850,4x960,III,1,+,6.72e-15,1.14e-15,-5.954,1.5,,,,,,,,,,,,,,,,,,242.223875,-39.24352777777778,242.223862,-39.243565,LUP_III,J160853.7-391437,242.223862,-39.243565,-1.22,YSOc_star+dust(IR2),1.64,4.0,6.56,7.3,6.52,5.79,5.07,5.9,0.0,N,M5.5,3060,71,4.00,200,0.0066,0.0028,0.29,0.06,,0.09,0.02,,0.10,0.03,0.12,0.03,,0.10,0.02,,---,,-3.7,,-10.58,,-10.63,,-10.71,,-10.63,b,2MASS J16085373-3914367
0.16856,,2MASS J16085529-3848481,,16 08 55.29,-38 48 48.1,2015-07-12,2457215.156936,2x900,2x850,2x960,III,,,1.06e-14,3e-16,-5.492,0.787,1.37e-15,6e-17,-5.29,1.89,8.13e-16,5.7e-17,-7.743,1.3,5.72e-16,5.4e-17,-6.463,1.07,,5.94e-16,4.2e-17,-5.824,1.97,242.23037499999992,-38.81336111111111,242.230331,-38.813393,LUP_III,J160855.3-384848,242.230331,-38.813393,-1.14,YSOc_star+dust(IR2),10.2,11.0,10.4,7.6,7.76,5.85,6.97,7.05,,N,M6.5,2935,68,0.00,200,0.0759,0.0414,1.07,0.29,,0.11,0.02,,0.11,0.02,0.12,0.02,,0.10,0.02,,Par-Lup3-1,,-4.1,,-10.51,,-10.51,,-10.54,,-10.46,,2MASS J16085529-3848481
0.16856,,2MASS J16085529-3848481,,16 08 55.29,-38 48 48.1,2015-07-12,2457215.156936,2x900,2x850,2x960,III,,,1.06e-14,3e-16,-5.492,0.787,1.37e-15,6e-17,-5.29,1.89,8.13e-16,5.7e-17,-7.743,1.3,5.72e-16,5.4e-17,-6.463,1.07,,5.94e-16,4.2e-17,-5.824,1.97,242.23037499999992,-38.81336111111111,242.230331,-38.813393,LUP_III,J160855.3-384848,242.230331,-38.813393,-1.14,YSOc_star+dust(IR2),10.2,11.0,10.4,7.6,7.76,5.85,6.97,7.05,,N,M6.5,2935,68,0.00,200,0.0759,0.0414,1.07,0.29,,0.11,0.02,,0.11,0.02,0.12,0.02,,0.10,0.02,,Par-Lup3-1,,-4.1,,-10.51,,-10.51,,-10.54,,-10.46,,2MASS J16085529-3848481
0.16856,,2MASS J16085529-3848481,,16 08 55.29,-38 48 48.1,2015-07-12,2457215.156936,2x900,2x850,2x960,III,,,1.06e-14,3e-16,-5.492,0.787,1.37e-15,6e-17,-5.29,1.89,8.13e-16,5.7e-17,-7.743,1.3,5.72e-16,5.4e-17,-6.463,1.07,,5.94e-16,4.2e-17,-5.824,1.97,242.23037499999992,-38.81336111111111,242.230331,-38.813393,LUP_III,J160855.3-384848,242.230331,-38.813393,-1.14,YSOc_star+dust(IR2),10.2,11.0,10.4,7.6,7.76,5.85,6.97,7.05,,N,M6.5,2935,68,0.00,200,0.0759,0.0414,1.07,0.29,,0.11,0.02,,0.11,0.02,0.12,0.02,,0.10,0.02,,Par-Lup3-1,,-4.1,,-10.51,,-10.51,,-10.54,,-10.46,,2MASS J16085529-3848481
0.035824,,2MASS J16100133-3906449,,16 10 01.32,-39 06 44.9,2015-07-13,2457216.122794,2x900,2x850,2x960,III,,,2.2e-14,5e-16,-4.46,0.44,2.2e-15,2.3e-16,-3.197,0.355,1.01e-15,2e-16,-2.299,0.35,5.08e-16,1.81e-16,-1.081,0.475,,4.7e-16,1.66e-16,-2.133,1.066,242.5055,-39.11247222222222,242.505508,-39.11248,LUP_III,J161001.3-390645,242.505508,-39.11248,-1.24,YSOc_star+dust(IR3),21.0,36.0,41.2,27.2,24.0,21.0,18.8,24.1,,N,M6.5,2935,68,1.70,200,0.2089,0.1289,1.77,0.55,<,0.10,,,0.10,0.03,0.12,0.01,,0.14,0.03,,Par-Lup3-1,,-3.4,,-9.55,,-9.55,,-9.62,,-9.69,,2MASS J16100133-3906449
0.035824,,2MASS J16100133-3906449,,16 10 01.32,-39 06 44.9,2015-07-13,2457216.122794,2x900,2x850,2x960,III,,,2.2e-14,5e-16,-4.46,0.44,2.2e-15,2.3e-16,-3.197,0.355,1.01e-15,2e-16,-2.299,0.35,5.08e-16,1.81e-16,-1.081,0.475,,4.7e-16,1.66e-16,-2.133,1.066,242.5055,-39.11247222222222,242.505508,-39.11248,LUP_III,J161001.3-390645,242.505508,-39.11248,-1.24,YSOc_star+dust(IR3),21.0,36.0,41.2,27.2,24.0,21.0,18.8,24.1,,N,M6.5,2935,68,1.70,200,0.2089,0.1289,1.77,0.55,<,0.10,,,0.10,0.03,0.12,0.01,,0.14,0.03,,Par-Lup3-1,,-3.4,,-9.55,,-9.55,,-9.62,,-9.69,,2MASS J16100133-3906449
0.035824,,2MASS J16100133-3906449,,16 10 01.32,-39 06 44.9,2015-07-13,2457216.122794,2x900,2x850,2x960,III,,,2.2e-14,5e-16,-4.46,0.44,2.2e-15,2.3e-16,-3.197,0.355,1.01e-15,2e-16,-2.299,0.35,5.08e-16,1.81e-16,-1.081,0.475,,4.7e-16,1.66e-16,-2.133,1.066,242.5055,-39.11247222222222,242.505508,-39.11248,LUP_III,J161001.3-390645,242.505508,-39.11248,-1.24,YSOc_star+dust(IR3),21.0,36.0,41.2,27.2,24.0,21.0,18.8,24.1,,N,M6.5,2935,68,1.70,200,0.2089,0.1289,1.77,0.55,<,0.10,,,0.10,0.03,0.12,0.01,,0.14,0.03,,Par-Lup3-1,,-3.4,,-9.55,,-9.55,,-9.62,,-9.69,,2MASS J16100133-3906449
0.088118,,AKC2006-18,,15 41 40.82,-33 45 19.0,2015-04-20,2457132.269751,4x900,4x850,4x960,I,,,2.05e-15,1e-16,-4.28,0.816,6.65e-16,6e-17,-7.174,2.67,3.87e-16,3.1e-17,-4.143,1.45,3.65e-16,5.7e-17,-7.62,3.6,,2.22e-16,5.9e-17,-2.517,1.259,235.4200833333333,-33.75527777777778,235.420059,-33.755264,LUP_I,J154140.8-334519,235.420059,-33.755264,-1.4,star+dust(IR2),2.17,3.0,2.52,1.81,1.75,1.56,1.4,0.402,,N,M6.5,2935,66,0.00,150,0.0107,0.0048,0.40,0.09,,0.07,0.01,,0.07,0.01,0.08,0.02,<,0.10,,,Par-Lup3-1,,-4.6,,-11.24,,-11.24,,-11.29,,-11.24,,[AKC2006] 18
0.088118,,AKC2006-18,,15 41 40.82,-33 45 19.0,2015-04-20,2457132.269751,4x900,4x850,4x960,I,,,2.05e-15,1e-16,-4.28,0.816,6.65e-16,6e-17,-7.174,2.67,3.87e-16,3.1e-17,-4.143,1.45,3.65e-16,5.7e-17,-7.62,3.6,,2.22e-16,5.9e-17,-2.517,1.259,235.4200833333333,-33.75527777777778,235.420059,-33.755264,LUP_I,J154140.8-334519,235.420059,-33.755264,-1.4,star+dust(IR2),2.17,3.0,2.52,1.81,1.75,1.56,1.4,0.402,,N,M6.5,2935,66,0.00,150,0.0107,0.0048,0.40,0.09,,0.07,0.01,,0.07,0.01,0.08,0.02,<,0.10,,,Par-Lup3-1,,-4.6,,-11.24,,-11.24,,-11.29,,-11.24,,[AKC2006] 18
0.27514,,Lup607,,16 08 28.10,-39 13 10.0,2015-05-23,2457165.214447,4x900,4x850,4x960,III,,,9.81e-16,7.9e-17,-0.727,0.154,1.55e-16,3.3e-17,-0.787,0.28,6.79e-17,1.91e-17,-0.888,0.311,2.77e-17,1.21e-17,-0.515,0.206,,3e-17,1.34e-17,-0.522,0.261,242.1170833333333,-39.21944444444445,242.117142,-39.219383,LUP_III,J160828.1-391310,242.117142,-39.219383,-0.63,YSOc_star+dust(IR4),,,,3.4,2.91,2.53,3.56,7.15,,N,M6.5,2935,66,0.00,200,0.0708,0.0370,1.03,0.27,,0.10,0.02,,0.10,0.02,0.12,0.02,,0.10,0.01,,Par-Lup3-1,<,-4.9,<,-11.28,<,-11.28,<,-11.36,<,-11.28,a,[LEM2005] Lup607
0.27514,,Lup607,,16 08 28.10,-39 13 10.0,2015-05-23,2457165.214447,4x900,4x850,4x960,III,,,9.81e-16,7.9e-17,-0.727,0.154,1.55e-16,3.3e-17,-0.787,0.28,6.79e-17,1.91e-17,-0.888,0.311,2.77e-17,1.21e-17,-0.515,0.206,,3e-17,1.34e-17,-0.522,0.261,242.1170833333333,-39.21944444444445,242.117142,-39.219383,LUP_III,J160828.1-391310,242.117142,-39.219383,-0.63,YSOc_star+dust(IR4),,,,3.4,2.91,2.53,3.56,7.15,,N,M6.5,2935,66,0.00,200,0.0708,0.0370,1.03,0.27,,0.10,0.02,,0.10,0.02,0.12,0.02,,0.10,0.01,,Par-Lup3-1,<,-4.9,<,-11.28,<,-11.28,<,-11.36,<,-11.28,a,[LEM2005] Lup607
0.27514,,Lup607,,16 08 28.10,-39 13 10.0,2015-05-23,2457165.214447,4x900,4x850,4x960,III,,,9.81e-16,7.9e-17,-0.727,0.154,1.55e-16,3.3e-17,-0.787,0.28,6.79e-17,1.91e-17,-0.888,0.311,2.77e-17,1.21e-17,-0.515,0.206,,3e-17,1.34e-17,-0.522,0.261,242.1170833333333,-39.21944444444445,242.117142,-39.219383,LUP_III,J160828.1-391310,242.117142,-39.219383,-0.63,YSOc_star+dust(IR4),,,,3.4,2.91,2.53,3.56,7.15,,N,M6.5,2935,66,0.00,200,0.0708,0.0370,1.03,0.27,,0.10,0.02,,0.10,0.02,0.12,0.02,,0.10,0.01,,Par-Lup3-1,<,-4.9,<,-11.28,<,-11.28,<,-11.36,<,-11.28,a,[LEM2005] Lup607
0.024904,,MY Lup,,16 00 44.53,-41 55 31.2,2015-06-26,2457199.070898,2x150,2x100,2x150,IV,,,6.04e-14,4.93e-14,-0.051,0.045,,,,,,,,,,,,,,,,,,240.18554166666664,-41.925333333333334,240.185547,-41.925339,LUP_IV,J160044.5-415531,240.185547,-41.925339,-0.62,YSOc_star+dust(IR3),263.0,344.0,305.0,177.0,141.0,140.0,213.0,590.0,1050.0,N,K0,5100,235,1.30,150,0.7762,0.3315,1.13,0.24,,0.99,0.10,,1.06,0.14,1.11,0.14,,1.02,0.13,td,HBC407,<,-2.3,<,-9.64,<,-9.67,<,-9.69,<,-9.65,a,MY Lup
0.024904,,MY Lup,,16 00 44.53,-41 55 31.2,2015-06-26,2457199.070898,2x150,2x100,2x150,IV,,,6.04e-14,4.93e-14,-0.051,0.045,,,,,,,,,,,,,,,,,,240.18554166666664,-41.925333333333334,240.185547,-41.925339,LUP_IV,J160044.5-415531,240.185547,-41.925339,-0.62,YSOc_star+dust(IR3),263.0,344.0,305.0,177.0,141.0,140.0,213.0,590.0,1050.0,N,K0,5100,235,1.30,150,0.7762,0.3315,1.13,0.24,,0.99,0.10,,1.06,0.14,1.11,0.14,,1.02,0.13,td,HBC407,<,-2.3,<,-9.64,<,-9.67,<,-9.69,<,-9.65,a,MY Lup
0.024904,,MY Lup,,16 00 44.53,-41 55 31.2,2015-06-26,2457199.070898,2x150,2x100,2x150,IV,,,6.04e-14,4.93e-14,-0.051,0.045,,,,,,,,,,,,,,,,,,240.18554166666664,-41.925333333333334,240.185547,-41.925339,LUP_IV,J160044.5-415531,240.185547,-41.925339,-0.62,YSOc_star+dust(IR3),263.0,344.0,305.0,177.0,141.0,140.0,213.0,590.0,1050.0,N,K0,5100,235,1.30,150,0.7762,0.3315,1.13,0.24,,0.99,0.10,,1.06,0.14,1.11,0.14,,1.02,0.13,td,HBC407,<,-2.3,<,-9.64,<,-9.67,<,-9.69,<,-9.65,a,MY Lup
0.153002,true,RXJ1556.1-3655,,15 56 02.09,-36 55 28.3,2014-04-28,2456775.268274,2x478,2x280,2x26,II,3,,2.97e-12,4e-14,-8.545,0.465,8.94e-13,4.2e-14,-3.019,0.281,7.03e-13,2.5e-14,-2.719,0.192,5.65e-13,2.3e-14,-2.404,0.178,,4.54e-13,1.8e-14,-2.017,0.159,239.0087083333333,-36.924527777777776,239.008743,-36.92456,RXJ1556.1-3655,J155602.1-365528,239.008743,-36.92456,-0.84,YSOc_star+dust(IR3),111.0,149.0,127.0,87.6,71.6,59.2,68.1,205.0,,T,M1,3705,171,1.00,150,0.2344,0.1000,1.17,0.27,,0.70,0.16,,0.50,0.13,0.47,0.14,,0.46,0.12,,SO879,,-0.9,,-8.07,,-7.92,,-7.90,,-7.89,,RXJ1556.1-3655
0.153002,true,RXJ1556.1-3655,,15 56 02.09,-36 55 28.3,2014-04-28,2456775.268274,2x478,2x280,2x26,II,3,,2.97e-12,4e-14,-8.545,0.465,8.94e-13,4.2e-14,-3.019,0.281,7.03e-13,2.5e-14,-2.719,0.192,5.65e-13,2.3e-14,-2.404,0.178,,4.54e-13,1.8e-14,-2.017,0.159,239.0087083333333,-36.924527777777776,239.008743,-36.92456,RXJ1556.1-3655,J155602.1-365528,239.008743,-36.92456,-0.84,YSOc_star+dust(IR3),111.0,149.0,127.0,87.6,71.6,59.2,68.1,205.0,,T,M1,3705,171,1.00,150,0.2344,0.1000,1.17,0.27,,0.70,0.16,,0.50,0.13,0.47,0.14,,0.46,0.12,,SO879,,-0.9,,-8.07,,-7.92,,-7.90,,-7.89,,RXJ1556.1-3655
0.047045,,SSTc2dJ154508.9-341734,,15 45 08.88,-34 17 33.7,2015-06-15,2457188.149771,2x900,2x850,2x960,I,,,6.11e-13,1.2e-14,-20.445,3.08,9.52e-14,1.22e-14,-6.407,1.8,4.62e-14,1.24e-14,-2.477,0.867,3.08e-14,1.05e-14,-4.2,1.68,<,1.78e-14,,,,236.28699999999998,-34.29269444444444,236.286987,-34.292687,LUP_I,J154508.9-341734,236.286987,-34.292687,-0.89,YSOc_star+dust(IR1),21.1,57.0,87.4,101.0,104.0,100.0,94.3,137.0,702.0,N,M5.5,3060,71,5.50,150,0.0575,0.0283,0.85,0.21,,0.13,0.03,,0.14,0.03,0.16,0.02,,0.14,0.02,,Sz107,,-1.8,,-8.38,,-8.41,,-8.47,,-8.41,,SSTc2dJ154508.9-341734
0.047045,,SSTc2dJ154508.9-341734,,15 45 08.88,-34 17 33.7,2015-06-15,2457188.149771,2x900,2x850,2x960,I,,,6.11e-13,1.2e-14,-20.445,3.08,9.52e-14,1.22e-14,-6.407,1.8,4.62e-14,1.24e-14,-2.477,0.867,3.08e-14,1.05e-14,-4.2,1.68,<,1.78e-14,,,,236.28699999999998,-34.29269444444444,236.286987,-34.292687,LUP_I,J154508.9-341734,236.286987,-34.292687,-0.89,YSOc_star+dust(IR1),21.1,57.0,87.4,101.0,104.0,100.0,94.3,137.0,702.0,N,M5.5,3060,71,5.50,150,0.0575,0.0283,0.85,0.21,,0.13,0.03,,0.14,0.03,0.16,0.02,,0.14,0.02,,Sz107,,-1.8,,-8.38,,-8.41,,-8.47,,-8.41,,SSTc2dJ154508.9-341734
0.047045,,SSTc2dJ154508.9-341734,,15 45 08.88,-34 17 33.7,2015-06-15,2457188.149771,2x900,2x850,2x960,I,,,6.11e-13,1.2e-14,-20.445,3.08,9.52e-14,1.22e-14,-6.407,1.8,4.62e-14,1.24e-14,-2.477,0.867,3.08e-14,1.05e-14,-4.2,1.68,<,1.78e-14,,,,236.28699999999998,-34.29269444444444,236.286987,-34.292687,LUP_I,J154508.9-341734,236.286987,-34.292687,-0.89,YSOc_star+dust(IR1),21.1,57.0,87.4,101.0,104.0,100.0,94.3,137.0,702.0,N,M5.5,3060,71,5.50,150,0.0575,0.0283,0.85,0.21,,0.13,0.03,,0.14,0.03,0.16,0.02,,0.14,0.02,,Sz107,,-1.8,,-8.38,,-8.41,,-8.47,,-8.41,,SSTc2dJ154508.9-341734
0.022089,,SSTc2dJ154518.5-342125,,15 45 18.53,-34 21 24.8,2015-06-25,2457198.97885,2x900,2x850,2x960,I,,,5.42e-14,3e-16,-27.795,2.57,4.78e-15,1.6e-16,-19.431,2.75,1.9e-15,8e-17,-15.574,2.5,1.07e-15,7e-17,-7.643,3.1,,7.48e-16,1.16e-16,-6.448,3.224,236.3272083333333,-34.35688888888889,236.327209,-34.356895,LUP_I,J154518.5-342125,236.327209,-34.356895,-1.0,YSOc_star+dust(IR1),35.1,42.0,42.8,37.7,37.9,35.8,40.3,38.5,,N,M6.5,2935,68,0.00,150,0.0407,0.0181,0.78,0.17,,0.08,0.02,,0.08,0.02,0.12,0.02,,0.10,0.01,,Par-Lup3-1,,-4.3,,-10.70,,-10.70,,-10.88,,-10.80,,SSTc2dJ154518.5-342125
0.022089,,SSTc2dJ154518.5-342125,,15 45 18.53,-34 21 24.8,2015-06-25,2457198.97885,2x900,2x850,2x960,I,,,5.42e-14,3e-16,-27.795,2.57,4.78e-15,1.6e-16,-19.431,2.75,1.9e-15,8e-17,-15.574,2.5,1.07e-15,7e-17,-7.643,3.1,,7.48e-16,1.16e-16,-6.448,3.224,236.3272083333333,-34.35688888888889,236.327209,-34.356895,LUP_I,J154518.5-342125,236.327209,-34.356895,-1.0,YSOc_star+dust(IR1),35.1,42.0,42.8,37.7,37.9,35.8,40.3,38.5,,N,M6.5,2935,68,0.00,150,0.0407,0.0181,0.78,0.17,,0.08,0.02,,0.08,0.02,0.12,0.02,,0.10,0.01,,Par-Lup3-1,,-4.3,,-10.70,,-10.70,,-10.88,,-10.80,,SSTc2dJ154518.5-342125
0.022089,,SSTc2dJ154518.5-342125,,15 45 18.53,-34 21 24.8,2015-06-25,2457198.97885,2x900,2x850,2x960,I,,,5.42e-14,3e-16,-27.795,2.57,4.78e-15,1.6e-16,-19.431,2.75,1.9e-15,8e-17,-15.574,2.5,1.07e-15,7e-17,-7.643,3.1,,7.48e-16,1.16e-16,-6.448,3.224,236.3272083333333,-34.35688888888889,236.327209,-34.356895,LUP_I,J154518.5-342125,236.327209,-34.356895,-1.0,YSOc_star+dust(IR1),35.1,42.0,42.8,37.7,37.9,35.8,40.3,38.5,,N,M6.5,2935,68,0.00,150,0.0407,0.0181,0.78,0.17,,0.08,0.02,,0.08,0.02,0.12,0.02,,0.10,0.01,,Par-Lup3-1,,-4.3,,-10.70,,-10.70,,-10.88,,-10.80,,SSTc2dJ154518.5-342125
0.055783,,SSTc2dJ155925.2-423507,,15 59 25.24,-42 35 07.1,2015-06-27,2457200.014418,2x900,2x850,2x960,IV,,,4.28e-15,3.8e-16,-0.998,0.235,9.92e-16,8.4e-17,-1.094,0.308,6.2e-16,1.11e-16,-1.968,0.688,3.93e-16,7.1e-17,-1.224,0.49,,2.74e-16,4.4e-17,-1.377,0.688,239.85516666666663,-42.58530555555556,239.855179,-42.585293,LUP_IV,J155925.2-423507,239.855179,-42.585293,-1.17,star+dust(MP1),8.56,10.0,8.32,,,,,5.59,,N,M5,3125,72,0.00,150,0.0195,0.0092,0.48,0.11,,0.12,0.03,,0.14,0.03,0.17,0.03,,0.12,0.02,,SO641,,-4.4,,-11.19,,-11.26,,-11.34,,-11.19,,SSTc2dJ155925.2-423507
0.055783,,SSTc2dJ155925.2-423507,,15 59 25.24,-42 35 07.1,2015-06-27,2457200.014418,2x900,2x850,2x960,IV,,,4.28e-15,3.8e-16,-0.998,0.235,9.92e-16,8.4e-17,-1.094,0.308,6.2e-16,1.11e-16,-1.968,0.688,3.93e-16,7.1e-17,-1.224,0.49,,2.74e-16,4.4e-17,-1.377,0.688,239.85516666666663,-42.58530555555556,239.855179,-42.585293,LUP_IV,J155925.2-423507,239.855179,-42.585293,-1.17,star+dust(MP1),8.56,10.0,8.32,,,,,5.59,,N,M5,3125,72,0.00,150,0.0195,0.0092,0.48,0.11,,0.12,0.03,,0.14,0.03,0.17,0.03,,0.12,0.02,,SO641,,-4.4,,-11.19,,-11.26,,-11.34,,-11.19,,SSTc2dJ155925.2-423507
0.06453,,SSTc2dJ160000.6-422158,,16 00 00.62,-42 21 57.5,2015-04-03,2457115.345055,2x450,2x400,2x480,IV,,,1.96e-14,1.8e-15,-0.956,0.154,6.43e-15,1.11e-15,-1.086,0.363,4.16e-15,5e-16,-1.027,0.31,4.07e-15,7.5e-16,-1.433,0.62,,2.59e-15,4.8e-16,-1.032,0.483,240.0025833333333,-42.365972222222226,240.002563,-42.365982,LUP_IV,J160000.6-422158,240.002563,-42.365982,-1.33,star+dust(MP1),35.5,41.0,36.4,,,,,16.5,,N,M4.5,3200,74,0.00,150,0.0871,0.0415,0.96,0.23,,0.22,0.05,,0.20,0.04,0.19,0.03,,0.19,0.03,,SO797,,-3.1,,-9.85,,-9.81,,-9.79,,-9.79,,SSTc2dJ160000.6-422158
0.06453,,SSTc2dJ160000.6-422158,,16 00 00.62,-42 21 57.5,2015-04-03,2457115.345055,2x450,2x400,2x480,IV,,,1.96e-14,1.8e-15,-0.956,0.154,6.43e-15,1.11e-15,-1.086,0.363,4.16e-15,5e-16,-1.027,0.31,4.07e-15,7.5e-16,-1.433,0.62,,2.59e-15,4.8e-16,-1.032,0.483,240.0025833333333,-42.365972222222226,240.002563,-42.365982,LUP_IV,J160000.6-422158,240.002563,-42.365982,-1.33,star+dust(MP1),35.5,41.0,36.4,,,,,16.5,,N,M4.5,3200,74,0.00,150,0.0871,0.0415,0.96,0.23,,0.22,0.05,,0.20,0.04,0.19,0.03,,0.19,0.03,,SO797,,-3.1,,-9.85,,-9.81,,-9.79,,-9.79,,SSTc2dJ160000.6-422158
0.067868,,SSTc2dJ160002.4-422216,,16 00 02.37,-42 22 15.5,2015-07-01,2457204.165952,2x450,2x400,2x960,IV,,,1.09e-13,1e-14,-1.974,0.374,2.64e-14,6.6e-15,-1.334,0.312,2.28e-14,6e-15,-1.996,0.698,1.78e-14,3.9e-15,-1.692,0.667,,2.14e-14,3e-15,-4.727,2.41,240.00987499999997,-42.37097222222222,240.009888,-42.370956,LUP_IV,J160002.4-422215,240.009888,-42.370956,-1.15,star+dust(MP1),42.0,60.0,58.5,,,,,41.0,,N,M4,3270,75,1.40,150,0.1479,0.0666,1.20,0.27,,0.27,0.05,,0.22,0.04,0.20,0.03,,0.24,0.04,,Sz94,,-3.0,,-9.75,,-9.66,,-9.61,,-9.69,,SSTc2dJ160002.4-422216
0.067868,,SSTc2dJ160002.4-422216,,16 00 02.37,-42 22 15.5,2015-07-01,2457204.165952,2x450,2x400,2x960,IV,,,1.09e-13,1e-14,-1.974,0.374,2.64e-14,6.6e-15,-1.334,0.312,2.28e-14,6e-15,-1.996,0.698,1.78e-14,3.9e-15,-1.692,0.667,,2.14e-14,3e-15,-4.727,2.41,240.00987499999997,-42.37097222222222,240.009888,-42.370956,LUP_IV,J160002.4-422215,240.009888,-42.370956,-1.15,star+dust(MP1),42.0,60.0,58.5,,,,,41.0,,N,M4,3270,75,1.40,150,0.1479,0.0666,1.20,0.27,,0.27,0.05,,0.22,0.04,0.20,0.03,,0.24,0.04,,Sz94,,-3.0,,-9.75,,-9.66,,-9.61,,-9.69,,SSTc2dJ160002.4-422216
0.045083,,SSTc2dJ160026.1-415356,,16 00 26.13,-41 53 55.6,2015-06-28,2457201.00797,2x900,2x850,2x960,IV,,,2.41e-14,1.9e-15,-1.713,0.328,8.05e-15,1.08e-15,-2.176,0.71,5.97e-15,8.5e-16,-2.833,0.507,5.1e-15,8.1e-16,-2.923,1.169,,4.81e-15,1.02e-15,-3.571,1.31,240.10887499999995,-41.89877777777778,240.108887,-41.898769,LUP_IV,J160026.1-415356,240.108887,-41.898769,-1.12,YSOc_star+dust(IR3),29.7,37.0,32.5,21.5,16.8,14.2,16.3,24.0,,N,M5.5,3060,71,0.90,150,0.0661,0.0397,0.91,0.27,,0.14,0.03,,0.14,0.03,0.15,0.02,,0.14,0.03,,SO925,,-3.3,,-9.88,,-9.88,,-9.91,,-9.88,,SSTc2dJ160026.1-415356
0.045083,,SSTc2dJ160026.1-415356,,16 00 26.13,-41 53 55.6,2015-06-28,2457201.00797,2x900,2x850,2x960,IV,,,2.41e-14,1.9e-15,-1.713,0.328,8.05e-15,1.08e-15,-2.176,0.71,5.97e-15,8.5e-16,-2.833,0.507,5.1e-15,8.1e-16,-2.923,1.169,,4.81e-15,1.02e-15,-3.571,1.31,240.10887499999995,-41.89877777777778,240.108887,-41.898769,LUP_IV,J160026.1-415356,240.108887,-41.898769,-1.12,YSOc_star+dust(IR3),29.7,37.0,32.5,21.5,16.8,14.2,16.3,24.0,,N,M5.5,3060,71,0.90,150,0.0661,0.0397,0.91,0.27,,0.14,0.03,,0.14,0.03,0.15,0.02,,0.14,0.03,,SO925,,-3.3,,-9.88,,-9.88,,-9.91,,-9.88,,SSTc2dJ160026.1-415356
0.045083,,SSTc2dJ160026.1-415356,,16 00 26.13,-41 53 55.6,2015-06-28,2457201.00797,2x900,2x850,2x960,IV,,,2.41e-14,1.9e-15,-1.713,0.328,8.05e-15,1.08e-15,-2.176,0.71,5.97e-15,8.5e-16,-2.833,0.507,5.1e-15,8.1e-16,-2.923,1.169,,4.81e-15,1.02e-15,-3.571,1.31,240.10887499999995,-41.89877777777778,240.108887,-41.898769,LUP_IV,J160026.1-415356,240.108887,-41.898769,-1.12,YSOc_star+dust(IR3),29.7,37.0,32.5,21.5,16.8,14.2,16.3,24.0,,N,M5.5,3060,71,0.90,150,0.0661,0.0397,0.91,0.27,,0.14,0.03,,0.14,0.03,0.15,0.02,,0.14,0.03,,SO925,,-3.3,,-9.88,,-9.88,,-9.91,,-9.88,,SSTc2dJ160026.1-415356
0.311978,,SSTc2dJ160703.9-391112,,16 07 03.84,-39 11 11.3,2016-06-02,2457542.198741,4x960,4x910,4x480,III,,,6.77e-16,6.9e-17,-1.074,0.246,1.38e-16,2.3e-17,-1.132,0.419,6.56e-17,1.18e-17,-0.667,0.233,4.36e-17,1.21e-17,-0.45,0.204,,3.7e-17,6.4e-18,-0.526,0.218,241.76599999999996,-39.18647222222222,241.766037,-39.186554,LUP_III,J160703.9-391112,241.766037,-39.186554,0.09,YSOc_star+dust(IR1),2.14,3.0,3.79,4.02,5.08,6.92,11.7,33.6,99.2,N,M4.5,3200,74,0.60,200,0.0048,0.0026,0.23,0.06,,0.15,0.03,<,0.10,,0.18,0.03,,0.17,0.03,"sl, td?",SO797,,-5.2,,-12.41,,-12.38,,-12.46,,-12.49,,SSTc2dJ160703.9-391112
0.311978,,SSTc2dJ160703.9-391112,,16 07 03.84,-39 11 11.3,2016-06-02,2457542.198741,4x960,4x910,4x480,III,,,6.77e-16,6.9e-17,-1.074,0.246,1.38e-16,2.3e-17,-1.132,0.419,6.56e-17,1.18e-17,-0.667,0.233,4.36e-17,1.21e-17,-0.45,0.204,,3.7e-17,6.4e-18,-0.526,0.218,241.76599999999996,-39.18647222222222,241.766037,-39.186554,LUP_III,J160703.9-391112,241.766037,-39.186554,0.09,YSOc_star+dust(IR1),2.14,3.0,3.79,4.02,5.08,6.92,11.7,33.6,99.2,N,M4.5,3200,74,0.60,200,0.0048,0.0026,0.23,0.06,,0.15,0.03,<,0.10,,0.18,0.03,,0.17,0.03,"sl, td?",SO797,,-5.2,,-12.41,,-12.38,,-12.46,,-12.49,,SSTc2dJ160703.9-391112
0.311978,,SSTc2dJ160703.9-391112,,16 07 03.84,-39 11 11.3,2016-06-02,2457542.198741,4x960,4x910,4x480,III,,,6.77e-16,6.9e-17,-1.074,0.246,1.38e-16,2.3e-17,-1.132,0.419,6.56e-17,1.18e-17,-0.667,0.233,4.36e-17,1.21e-17,-0.45,0.204,,3.7e-17,6.4e-18,-0.526,0.218,241.76599999999996,-39.18647222222222,241.766037,-39.186554,LUP_III,J160703.9-391112,241.766037,-39.186554,0.09,YSOc_star+dust(IR1),2.14,3.0,3.79,4.02,5.08,6.92,11.7,33.6,99.2,N,M4.5,3200,74,0.60,200,0.0048,0.0026,0.23,0.06,,0.15,0.03,<,0.10,,0.18,0.03,,0.17,0.03,"sl, td?",SO797,,-5.2,,-12.41,,-12.38,,-12.46,,-12.49,,SSTc2dJ160703.9-391112
0.070564,,SSTc2dJ160830.7-382827,,16 08 30.70,-38 28 26.8,2015-07-02,2457205.155128,2x150,2x100,2x150,III,,,,,,,,,,,,,,,,,,,,,,,,242.12791666666664,-38.474111111111114,242.127899,-38.474125,LUP_III,J160830.7-382827,242.127899,-38.474125,-0.87,star+dust(MP1),410.0,452.0,342.0,,,,,473.0,2200.0,N,K2,4900,226,0.20,200,3.0200,1.3082,2.41,0.52,>,1.40,,>,1.40,,1.32,0.35,,1.81,0.28,td,RXJ0438,<,-1.8,<,-8.96,<,-8.96,<,-8.93,<,-9.07,a,SSTc2dJ160830.7-382827
0.070564,,SSTc2dJ160830.7-382827,,16 08 30.70,-38 28 26.8,2015-07-02,2457205.155128,2x150,2x100,2x150,III,,,,,,,,,,,,,,,,,,,,,,,,242.12791666666664,-38.474111111111114,242.127899,-38.474125,LUP_III,J160830.7-382827,242.127899,-38.474125,-0.87,star+dust(MP1),410.0,452.0,342.0,,,,,473.0,2200.0,N,K2,4900,226,0.20,200,3.0200,1.3082,2.41,0.52,>,1.40,,>,1.40,,1.32,0.35,,1.81,0.28,td,RXJ0438,<,-1.8,<,-8.96,<,-8.96,<,-8.93,<,-9.07,a,SSTc2dJ160830.7-382827
0.157208,,SSTc2dJ160836.2-392302,V1094 Sco,16 08 36.18,-39 23 02.5,2016-05-13,2457522.227447,4x300,4x250,4x100,III,,,1.86e-12,1.9e-13,-1.45,0.268,3.92e-13,1e-13,-0.542,0.215,1.82e-13,6.5e-14,-0.373,0.13,1.31e-13,3.7e-14,-0.36,0.176,,1.42e-13,2.7e-14,-0.78,0.275,242.15074999999996,-39.384027777777774,242.150772,-39.384068,RXJ1608.6-3922,J160836.2-392303,242.150772,-39.384068,-1.23,YSOc_star+dust(IR2),177.0,247.0,229.0,153.0,138.0,132.0,132.0,113.0,,N,K6,4205,193,1.70,200,1.9499,0.8633,2.63,0.63,,1.39,0.13,,0.79,0.18,0.89,0.24,,0.47,0.14,td?,RXJ1543.1-3920,,-0.8,,-7.92,,-7.67,,-7.45,,-7.72,,SSTc2dJ160836.2-392302
0.157208,,SSTc2dJ160836.2-392302,V1094 Sco,16 08 36.18,-39 23 02.5,2016-05-13,2457522.227447,4x300,4x250,4x100,III,,,1.86e-12,1.9e-13,-1.45,0.268,3.92e-13,1e-13,-0.542,0.215,1.82e-13,6.5e-14,-0.373,0.13,1.31e-13,3.7e-14,-0.36,0.176,,1.42e-13,2.7e-14,-0.78,0.275,242.15074999999996,-39.384027777777774,242.150772,-39.384068,RXJ1608.6-3922,J160836.2-392303,242.150772,-39.384068,-1.23,YSOc_star+dust(IR2),177.0,247.0,229.0,153.0,138.0,132.0,132.0,113.0,,N,K6,4205,193,1.70,200,1.9499,0.8633,2.63,0.63,,1.39,0.13,,0.79,0.18,0.89,0.24,,0.47,0.14,td?,RXJ1543.1-3920,,-0.8,,-7.92,,-7.67,,-7.45,,-7.72,,SSTc2dJ160836.2-392302
0.169478,,SSTc2dJ160836.2-392302,V1094 Sco,16 08 36.18,-39 23 02.5,2016-05-13,2457522.227447,4x300,4x250,4x100,III,,,1.86e-12,1.9e-13,-1.45,0.268,3.92e-13,1e-13,-0.542,0.215,1.82e-13,6.5e-14,-0.373,0.13,1.31e-13,3.7e-14,-0.36,0.176,,1.42e-13,2.7e-14,-0.78,0.275,242.15074999999996,-39.384027777777774,242.150696,-39.384006,LUP_III,J160836.2-392302,242.150696,-39.384006,-1.16,YSOc_star+dust(IR2),177.0,247.0,229.0,129.0,265.0,166.0,229.0,162.0,440.0,N,K6,4205,193,1.70,200,1.9499,0.8633,2.63,0.63,,1.39,0.13,,0.79,0.18,0.89,0.24,,0.47,0.14,td?,RXJ1543.1-3920,,-0.8,,-7.92,,-7.67,,-7.45,,-7.72,,SSTc2dJ160836.2-392302
0.169478,,SSTc2dJ160836.2-392302,V1094 Sco,16 08 36.18,-39 23 02.5,2016-05-13,2457522.227447,4x300,4x250,4x100,III,,,1.86e-12,1.9e-13,-1.45,0.268,3.92e-13,1e-13,-0.542,0.215,1.82e-13,6.5e-14,-0.373,0.13,1.31e-13,3.7e-14,-0.36,0.176,,1.42e-13,2.7e-14,-0.78,0.275,242.15074999999996,-39.384027777777774,242.150696,-39.384006,LUP_III,J160836.2-392302,242.150696,-39.384006,-1.16,YSOc_star+dust(IR2),177.0,247.0,229.0,129.0,265.0,166.0,229.0,162.0,440.0,N,K6,4205,193,1.70,200,1.9499,0.8633,2.63,0.63,,1.39,0.13,,0.79,0.18,0.89,0.24,,0.47,0.14,td?,RXJ1543.1-3920,,-0.8,,-7.92,,-7.67,,-7.45,,-7.72,,SSTc2dJ160836.2-392302
0.169478,,SSTc2dJ160836.2-392302,V1094 Sco,16 08 36.18,-39 23 02.5,2016-05-13,2457522.227447,4x300,4x250,4x100,III,,,1.86e-12,1.9e-13,-1.45,0.268,3.92e-13,1e-13,-0.542,0.215,1.82e-13,6.5e-14,-0.373,0.13,1.31e-13,3.7e-14,-0.36,0.176,,1.42e-13,2.7e-14,-0.78,0.275,242.15074999999996,-39.384027777777774,242.150696,-39.384006,LUP_III,J160836.2-392302,242.150696,-39.384006,-1.16,YSOc_star+dust(IR2),177.0,247.0,229.0,129.0,265.0,166.0,229.0,162.0,440.0,N,K6,4205,193,1.70,200,1.9499,0.8633,2.63,0.63,,1.39,0.13,,0.79,0.18,0.89,0.24,,0.47,0.14,td?,RXJ1543.1-3920,,-0.8,,-7.92,,-7.67,,-7.45,,-7.72,,SSTc2dJ160836.2-392302
0.071027,,SSTc2dJ160927.0-383628,,16 09 26.98,-38 36 27.6,2015-07-13,2457216.022778,2x900,2x850,2x960,III,,,3.39e-13,3e-15,-7.374,0.237,2.07e-13,9e-15,-6.055,0.694,1.73e-13,1.1e-14,-5.26,1.31,1.7e-13,1e-14,-6.347,1.21,,1.14e-13,1.4e-14,-4.196,1.39,242.3624166666666,-38.60766666666667,242.362396,-38.607678,LUP_III,J160927.0-383628,242.362396,-38.607678,-0.89,star+dust(MP1),15.2,22.0,27.9,,,,,36.3,73.6,N,M4.5,3200,74,2.20,200,0.1148,0.0501,1.10,0.24,,0.23,0.05,,0.19,0.03,0.18,0.02,,0.20,0.03,,SO797,,-1.3,,-8.01,,-7.93,,-7.91,,-7.95,,SSTc2dJ160927.0-383628
0.071027,,SSTc2dJ160927.0-383628,,16 09 26.98,-38 36 27.6,2015-07-13,2457216.022778,2x900,2x850,2x960,III,,,3.39e-13,3e-15,-7.374,0.237,2.07e-13,9e-15,-6.055,0.694,1.73e-13,1.1e-14,-5.26,1.31,1.7e-13,1e-14,-6.347,1.21,,1.14e-13,1.4e-14,-4.196,1.39,242.3624166666666,-38.60766666666667,242.362396,-38.607678,LUP_III,J160927.0-383628,242.362396,-38.607678,-0.89,star+dust(MP1),15.2,22.0,27.9,,,,,36.3,73.6,N,M4.5,3200,74,2.20,200,0.1148,0.0501,1.10,0.24,,0.23,0.05,,0.19,0.03,0.18,0.02,,0.20,0.03,,SO797,,-1.3,,-8.01,,-7.93,,-7.91,,-7.95,,SSTc2dJ160927.0-383628
0.04828,,SSTc2dJ161018.6-383613,,16 10 18.56,-38 36 13.0,2015-08-18,2457252.041176,2x900,2x850,2x960,III,,,9.93e-15,8.3e-16,-1.49,0.289,2.53e-15,2.4e-16,-1.421,0.406,1.77e-15,2.1e-16,-1.821,0.638,1.39e-15,1.8e-16,-1.755,0.825,,1.25e-15,2.3e-16,-1.622,0.811,242.57733333333329,-38.603611111111114,242.577347,-38.603603,LUP_III,J161018.6-383613,242.577347,-38.603603,-1.46,YSOc_star+dust(IR2),13.8,15.0,13.2,7.03,6.3,4.67,4.97,4.01,,N,M5,3125,72,0.50,200,0.0603,0.0315,0.84,0.22,,0.17,0.04,,0.17,0.03,0.17,0.02,,0.15,0.03,,Par-Lup3-2,,-3.8,,-10.50,,-10.50,,-10.50,,-10.44,,SSTc2dJ161018.6-383613
0.04828,,SSTc2dJ161018.6-383613,,16 10 18.56,-38 36 13.0,2015-08-18,2457252.041176,2x900,2x850,2x960,III,,,9.93e-15,8.3e-16,-1.49,0.289,2.53e-15,2.4e-16,-1.421,0.406,1.77e-15,2.1e-16,-1.821,0.638,1.39e-15,1.8e-16,-1.755,0.825,,1.25e-15,2.3e-16,-1.622,0.811,242.57733333333329,-38.603611111111114,242.577347,-38.603603,LUP_III,J161018.6-383613,242.577347,-38.603603,-1.46,YSOc_star+dust(IR2),13.8,15.0,13.2,7.03,6.3,4.67,4.97,4.01,,N,M5,3125,72,0.50,200,0.0603,0.0315,0.84,0.22,,0.17,0.04,,0.17,0.03,0.17,0.02,,0.15,0.03,,Par-Lup3-2,,-3.8,,-10.50,,-10.50,,-10.50,,-10.44,,SSTc2dJ161018.6-383613
0.04828,,SSTc2dJ161018.6-383613,,16 10 18.56,-38 36 13.0,2015-08-18,2457252.041176,2x900,2x850,2x960,III,,,9.93e-15,8.3e-16,-1.49,0.289,2.53e-15,2.4e-16,-1.421,0.406,1.77e-15,2.1e-16,-1.821,0.638,1.39e-15,1.8e-16,-1.755,0.825,,1.25e-15,2.3e-16,-1.622,0.811,242.57733333333329,-38.603611111111114,242.577347,-38.603603,LUP_III,J161018.6-383613,242.577347,-38.603603,-1.46,YSOc_star+dust(IR2),13.8,15.0,13.2,7.03,6.3,4.67,4.97,4.01,,N,M5,3125,72,0.50,200,0.0603,0.0315,0.84,0.22,,0.17,0.04,,0.17,0.03,0.17,0.02,,0.15,0.03,,Par-Lup3-2,,-3.8,,-10.50,,-10.50,,-10.50,,-10.44,,SSTc2dJ161018.6-383613
0.01682,,SSTc2dJ161019.8-383607,,16 10 19.84,-38 36 06.8,2015-08-08,2457242.086534,2x900,2x850,2x960,III,,,3.77e-15,1.6e-16,-2.257,0.32,7.7e-16,9.7e-17,-2.194,0.53,3.92e-16,6.9e-17,-3.111,0.56,1.99e-16,3.7e-17,-1.301,0.52,,2.1e-16,5e-17,-1.81,1.02,242.58266666666665,-38.601888888888894,242.582672,-38.601891,LUP_III,J161019.8-383607,242.582672,-38.601891,-1.14,YSOc_star+dust(IR2),7.76,9.0,7.89,5.41,5.47,4.17,4.92,5.29,,N,M6.5,2935,68,0.00,200,0.0708,0.0378,1.03,0.27,,0.10,0.02,,0.10,0.02,0.12,0.02,,0.10,0.02,,Par-Lup3-1,,-3.9,,-10.28,,-10.28,,-10.36,,-10.28,,SSTc2dJ161019.8-383607
0.01682,,SSTc2dJ161019.8-383607,,16 10 19.84,-38 36 06.8,2015-08-08,2457242.086534,2x900,2x850,2x960,III,,,3.77e-15,1.6e-16,-2.257,0.32,7.7e-16,9.7e-17,-2.194,0.53,3.92e-16,6.9e-17,-3.111,0.56,1.99e-16,3.7e-17,-1.301,0.52,,2.1e-16,5e-17,-1.81,1.02,242.58266666666665,-38.601888888888894,242.582672,-38.601891,LUP_III,J161019.8-383607,242.582672,-38.601891,-1.14,YSOc_star+dust(IR2),7.76,9.0,7.89,5.41,5.47,4.17,4.92,5.29,,N,M6.5,2935,68,0.00,200,0.0708,0.0378,1.03,0.27,,0.10,0.02,,0.10,0.02,0.12,0.02,,0.10,0.02,,Par-Lup3-1,,-3.9,,-10.28,,-10.28,,-10.36,,-10.28,,SSTc2dJ161019.8-383607
0.01682,,SSTc2dJ161019.8-383607,,16 10 19.84,-38 36 06.8,2015-08-08,2457242.086534,2x900,2x850,2x960,III,,,3.77e-15,1.6e-16,-2.257,0.32,7.7e-16,9.7e-17,-2.194,0.53,3.92e-16,6.9e-17,-3.111,0.56,1.99e-16,3.7e-17,-1.301,0.52,,2.1e-16,5e-17,-1.81,1.02,242.58266666666665,-38.601888888888894,242.582672,-38.601891,LUP_III,J161019.8-383607,242.582672,-38.601891,-1.14,YSOc_star+dust(IR2),7.76,9.0,7.89,5.41,5.47,4.17,4.92,5.29,,N,M6.5,2935,68,0.00,200,0.0708,0.0378,1.03,0.27,,0.10,0.02,,0.10,0.02,0.12,0.02,,0.10,0.02,,Par-Lup3-1,,-3.9,,-10.28,,-10.28,,-10.36,,-10.28,,SSTc2dJ161019.8-383607
0.050408,,SSTc2dJ161029.6-392215,,16 10 29.57,-39 22 14.7,2015-08-13,2457247.090628,2x900,2x850,2x960,III,,,1.96e-14,1.6e-15,-0.943,0.149,4.5e-15,5.1e-16,-0.853,0.193,2.76e-15,3.5e-16,-0.797,0.215,2.15e-15,4.4e-16,-0.833,0.371,,1.12e-15,1.6e-16,-0.878,0.51,242.62320833333334,-39.37075,242.623199,-39.370762,LUP_III,J161029.6-392215,242.623199,-39.370762,-1.07,YSOc_star+dust(IR4),26.6,32.0,28.8,19.1,14.2,11.5,10.9,33.7,110.0,N,M4.5,3200,74,0.90,200,0.1585,0.0698,1.29,0.29,,0.23,0.05,,0.19,0.03,0.17,0.02,,0.22,0.03,td,SO797,,-3.2,,-9.84,,-9.76,,-9.71,,-9.82,,SSTc2dJ161029.6-392215
0.050408,,SSTc2dJ161029.6-392215,,16 10 29.57,-39 22 14.7,2015-08-13,2457247.090628,2x900,2x850,2x960,III,,,1.96e-14,1.6e-15,-0.943,0.149,4.5e-15,5.1e-16,-0.853,0.193,2.76e-15,3.5e-16,-0.797,0.215,2.15e-15,4.4e-16,-0.833,0.371,,1.12e-15,1.6e-16,-0.878,0.51,242.62320833333334,-39.37075,242.623199,-39.370762,LUP_III,J161029.6-392215,242.623199,-39.370762,-1.07,YSOc_star+dust(IR4),26.6,32.0,28.8,19.1,14.2,11.5,10.9,33.7,110.0,N,M4.5,3200,74,0.90,200,0.1585,0.0698,1.29,0.29,,0.23,0.05,,0.19,0.03,0.17,0.02,,0.22,0.03,td,SO797,,-3.2,,-9.84,,-9.76,,-9.71,,-9.82,,SSTc2dJ161029.6-392215
0.050408,,SSTc2dJ161029.6-392215,,16 10 29.57,-39 22 14.7,2015-08-13,2457247.090628,2x900,2x850,2x960,III,,,1.96e-14,1.6e-15,-0.943,0.149,4.5e-15,5.1e-16,-0.853,0.193,2.76e-15,3.5e-16,-0.797,0.215,2.15e-15,4.4e-16,-0.833,0.371,,1.12e-15,1.6e-16,-0.878,0.51,242.62320833333334,-39.37075,242.623199,-39.370762,LUP_III,J161029.6-392215,242.623199,-39.370762,-1.07,YSOc_star+dust(IR4),26.6,32.0,28.8,19.1,14.2,11.5,10.9,33.7,110.0,N,M4.5,3200,74,0.90,200,0.1585,0.0698,1.29,0.29,,0.23,0.05,,0.19,0.03,0.17,0.02,,0.22,0.03,td,SO797,,-3.2,,-9.84,,-9.76,,-9.71,,-9.82,,SSTc2dJ161029.6-392215
0.048028,,SSTc2dJ161243.8-381503,,16 12 43.75,-38 15 03.3,2015-07-10,2457213.174667,2x300,2x250,2x300,III,,,4.7e-13,2e-14,-1.762,0.173,9.35e-14,1.23e-14,-0.817,0.186,5.4e-14,9.4e-15,-0.759,0.286,4.8e-14,7.6e-15,-1.055,0.325,,5.19e-14,7.5e-15,-1.962,0.806,243.18229166666663,-38.25091666666667,243.182297,-38.250904,LUP_III,J161243.8-381503,243.182297,-38.250904,-1.07,YSOc_star+dust(IR1),96.6,127.0,102.0,90.3,75.3,69.8,74.8,92.5,116.0,N,M1,3705,171,0.80,200,0.6166,0.2691,1.91,0.42,,0.79,0.17,,0.44,0.11,0.34,0.11,,0.47,0.11,,RXJ1121.3-3447,,-2.0,,-9.01,,-8.76,,-8.64,,-8.78,,SSTc2dJ161243.8-381503
0.048028,,SSTc2dJ161243.8-381503,,16 12 43.75,-38 15 03.3,2015-07-10,2457213.174667,2x300,2x250,2x300,III,,,4.7e-13,2e-14,-1.762,0.173,9.35e-14,1.23e-14,-0.817,0.186,5.4e-14,9.4e-15,-0.759,0.286,4.8e-14,7.6e-15,-1.055,0.325,,5.19e-14,7.5e-15,-1.962,0.806,243.18229166666663,-38.25091666666667,243.182297,-38.250904,LUP_III,J161243.8-381503,243.182297,-38.250904,-1.07,YSOc_star+dust(IR1),96.6,127.0,102.0,90.3,75.3,69.8,74.8,92.5,116.0,N,M1,3705,171,0.80,200,0.6166,0.2691,1.91,0.42,,0.79,0.17,,0.44,0.11,0.34,0.11,,0.47,0.11,,RXJ1121.3-3447,,-2.0,,-9.01,,-8.76,,-8.64,,-8.78,,SSTc2dJ161243.8-381503
0.048028,,SSTc2dJ161243.8-381503,,16 12 43.75,-38 15 03.3,2015-07-10,2457213.174667,2x300,2x250,2x300,III,,,4.7e-13,2e-14,-1.762,0.173,9.35e-14,1.23e-14,-0.817,0.186,5.4e-14,9.4e-15,-0.759,0.286,4.8e-14,7.6e-15,-1.055,0.325,,5.19e-14,7.5e-15,-1.962,0.806,243.18229166666663,-38.25091666666667,243.182297,-38.250904,LUP_III,J161243.8-381503,243.182297,-38.250904,-1.07,YSOc_star+dust(IR1),96.6,127.0,102.0,90.3,75.3,69.8,74.8,92.5,116.0,N,M1,3705,171,0.80,200,0.6166,0.2691,1.91,0.42,,0.79,0.17,,0.44,0.11,0.34,0.11,,0.47,0.11,,RXJ1121.3-3447,,-2.0,,-9.01,,-8.76,,-8.64,,-8.78,,SSTc2dJ161243.8-381503
0.050669,,SSTc2dJ161344.1-373646,,16 13 44.11,-37 36 46.4,2015-06-26,2457199.974706,2x900,2x850,2x960,III,,,1.67e-13,3e-15,-11.732,1.17,4.03e-14,1.6e-15,-6.329,0.83,3.14e-14,1.7e-15,-6.207,1.21,2.73e-14,1.5e-15,-6.273,1.11,,2.06e-14,2.9e-15,-4.537,1.58,243.43379166666662,-37.61288888888889,243.433807,-37.612896,LUP_III,J161344.1-373646,243.433807,-37.612896,-1.17,star+dust(MP1),12.5,15.0,15.1,,,,,10.1,,N,M5,3125,72,0.60,200,0.0692,0.0305,0.90,0.20,,0.17,0.04,,0.16,0.03,0.17,0.02,,0.16,0.03,,Par-Lup3-2,,-2.3,,-8.97,,-8.94,,-8.97,,-8.94,,SSTc2dJ161344.1-373646
0.050669,,SSTc2dJ161344.1-373646,,16 13 44.11,-37 36 46.4,2015-06-26,2457199.974706,2x900,2x850,2x960,III,,,1.67e-13,3e-15,-11.732,1.17,4.03e-14,1.6e-15,-6.329,0.83,3.14e-14,1.7e-15,-6.207,1.21,2.73e-14,1.5e-15,-6.273,1.11,,2.06e-14,2.9e-15,-4.537,1.58,243.43379166666662,-37.61288888888889,243.433807,-37.612896,LUP_III,J161344.1-373646,243.433807,-37.612896,-1.17,star+dust(MP1),12.5,15.0,15.1,,,,,10.1,,N,M5,3125,72,0.60,200,0.0692,0.0305,0.90,0.20,,0.17,0.04,,0.16,0.03,0.17,0.02,,0.16,0.03,,Par-Lup3-2,,-2.3,,-8.97,,-8.94,,-8.97,,-8.94,,SSTc2dJ161344.1-373646
0.016698,,Sz102,,16 08 29.73,-39 03 11.0,2015-04-17,2457129.298225,2x1200,2x1260,2x1200,III,,,6.14e-13,2e-15,-31.379,1.08,1.88e-13,3e-15,-10.044,1.29,7.56e-14,1.2e-15,-3.948,0.313,4.28e-14,1.5e-15,-3.201,0.388,,2.22e-14,4.1e-15,-2.078,0.519,242.12387499999997,-39.05305555555555,242.123871,-39.053059,LUP_III,J160829.7-390311,242.123871,-39.053059,0.72,YSOc_red,2.39,4.0,6.19,14.4,24.1,34.0,67.0,347.0,257.0,N,K2,4900,226,0.70,200,0.0148,0.0064,0.17,0.04,,,,,,,,,,,,"sl, bz",CrA75,,-2.0,,,,,,,,,c,Sz102
0.016698,,Sz102,,16 08 29.73,-39 03 11.0,2015-04-17,2457129.298225,2x1200,2x1260,2x1200,III,,,6.14e-13,2e-15,-31.379,1.08,1.88e-13,3e-15,-10.044,1.29,7.56e-14,1.2e-15,-3.948,0.313,4.28e-14,1.5e-15,-3.201,0.388,,2.22e-14,4.1e-15,-2.078,0.519,242.12387499999997,-39.05305555555555,242.123871,-39.053059,LUP_III,J160829.7-390311,242.123871,-39.053059,0.72,YSOc_red,2.39,4.0,6.19,14.4,24.1,34.0,67.0,347.0,257.0,N,K2,4900,226,0.70,200,0.0148,0.0064,0.17,0.04,,,,,,,,,,,,"sl, bz",CrA75,,-2.0,,,,,,,,,c,Sz102
0.016698,,Sz102,,16 08 29.73,-39 03 11.0,2015-04-17,2457129.298225,2x1200,2x1260,2x1200,III,,,6.14e-13,2e-15,-31.379,1.08,1.88e-13,3e-15,-10.044,1.29,7.56e-14,1.2e-15,-3.948,0.313,4.28e-14,1.5e-15,-3.201,0.388,,2.22e-14,4.1e-15,-2.078,0.519,242.12387499999997,-39.05305555555555,242.123871,-39.053059,LUP_III,J160829.7-390311,242.123871,-39.053059,0.72,YSOc_red,2.39,4.0,6.19,14.4,24.1,34.0,67.0,347.0,257.0,N,K2,4900,226,0.70,200,0.0148,0.0064,0.17,0.04,,,,,,,,,,,,"sl, bz",CrA75,,-2.0,,,,,,,,,c,Sz102
0.268881,,Sz102,,16 08 29.73,-39 03 11.0,2015-04-17,2457129.298225,2x1200,2x1260,2x1200,III,,,6.14e-13,2e-15,-31.379,1.08,1.88e-13,3e-15,-10.044,1.29,7.56e-14,1.2e-15,-3.948,0.313,4.28e-14,1.5e-15,-3.201,0.388,,2.22e-14,4.1e-15,-2.078,0.519,242.12387499999997,-39.05305555555555,242.123779,-39.053051,Sz98,J160829.7-390311,242.123779,-39.053051,0.63,rising,2.39,4.0,6.19,,,,,317.0,,N,K2,4900,226,0.70,200,0.0148,0.0064,0.17,0.04,,,,,,,,,,,,"sl, bz",CrA75,,-2.0,,,,,,,,,c,Sz102
0.058677,,Sz108B,,16 08 42.87,-39 06 14.7,2015-06-18,2457191.161119,4x900,4x850,4x960,III,,,1.3e-13,4e-15,-6.9,1.03,1.3e-14,1e-15,-3.368,1.05,6.97e-15,6.1e-16,-2.627,0.783,5.5e-15,7.2e-16,-2.947,1.179,,3.36e-15,4.4e-16,-2.058,0.806,242.17862499999998,-39.104083333333335,242.178635,-39.104069,LUP_III,J160842.9-390615,242.178635,-39.104069,-0.85,YSOc_star+dust(IR4),,,,32.6,27.0,23.6,22.3,53.5,,N,M5,3125,72,1.60,200,0.1514,0.0813,1.33,0.36,,0.16,0.05,,0.17,0.03,0.16,0.02,,0.19,0.03,,SO641,,-2.9,,-9.37,,-9.40,,-9.37,,-9.45,,Name Sz 108B
0.058677,,Sz108B,,16 08 42.87,-39 06 14.7,2015-06-18,2457191.161119,4x900,4x850,4x960,III,,,1.3e-13,4e-15,-6.9,1.03,1.3e-14,1e-15,-3.368,1.05,6.97e-15,6.1e-16,-2.627,0.783,5.5e-15,7.2e-16,-2.947,1.179,,3.36e-15,4.4e-16,-2.058,0.806,242.17862499999998,-39.104083333333335,242.178635,-39.104069,LUP_III,J160842.9-390615,242.178635,-39.104069,-0.85,YSOc_star+dust(IR4),,,,32.6,27.0,23.6,22.3,53.5,,N,M5,3125,72,1.60,200,0.1514,0.0813,1.33,0.36,,0.16,0.05,,0.17,0.03,0.16,0.02,,0.19,0.03,,SO641,,-2.9,,-9.37,,-9.40,,-9.37,,-9.45,,Name Sz 108B
0.058677,,Sz108B,,16 08 42.87,-39 06 14.7,2015-06-18,2457191.161119,4x900,4x850,4x960,III,,,1.3e-13,4e-15,-6.9,1.03,1.3e-14,1e-15,-3.368,1.05,6.97e-15,6.1e-16,-2.627,0.783,5.5e-15,7.2e-16,-2.947,1.179,,3.36e-15,4.4e-16,-2.058,0.806,242.17862499999998,-39.104083333333335,242.178635,-39.104069,LUP_III,J160842.9-390615,242.178635,-39.104069,-0.85,YSOc_star+dust(IR4),,,,32.6,27.0,23.6,22.3,53.5,,N,M5,3125,72,1.60,200,0.1514,0.0813,1.33,0.36,,0.16,0.05,,0.17,0.03,0.16,0.02,,0.19,0.03,,SO641,,-2.9,,-9.37,,-9.40,,-9.37,,-9.45,,Name Sz 108B
0.053204,,Sz117,,16 09 44.34,-39 13 30.3,2015-07-13,2457216.06882,2x360,2x310,2x360,III,,,1.71e-13,7e-15,-1.616,0.148,4.36e-14,4.6e-15,-1.12,0.193,3.16e-14,3.2e-15,-1.117,0.198,3.29e-14,3.8e-15,-1.824,0.394,,2.71e-14,1.7e-15,-2.035,0.442,242.43474999999995,-39.22508333333334,242.434769,-39.225082,LUP_III,J160944.3-391330,242.434769,-39.225082,-1.05,YSOc_star+dust(IR2),85.6,118.0,113.0,65.2,61.5,56.9,55.3,91.5,122.0,N,M3.5,3340,77,0.50,200,0.4467,0.1927,2.00,0.43,,0.44,0.09,,0.26,0.03,0.19,0.03,,0.29,0.03,,TWA15,,-2.1,,-8.84,,-8.61,,-8.47,,-8.65,,Sz117
0.053204,,Sz117,,16 09 44.34,-39 13 30.3,2015-07-13,2457216.06882,2x360,2x310,2x360,III,,,1.71e-13,7e-15,-1.616,0.148,4.36e-14,4.6e-15,-1.12,0.193,3.16e-14,3.2e-15,-1.117,0.198,3.29e-14,3.8e-15,-1.824,0.394,,2.71e-14,1.7e-15,-2.035,0.442,242.43474999999995,-39.22508333333334,242.434769,-39.225082,LUP_III,J160944.3-391330,242.434769,-39.225082,-1.05,YSOc_star+dust(IR2),85.6,118.0,113.0,65.2,61.5,56.9,55.3,91.5,122.0,N,M3.5,3340,77,0.50,200,0.4467,0.1927,2.00,0.43,,0.44,0.09,,0.26,0.03,0.19,0.03,,0.29,0.03,,TWA15,,-2.1,,-8.84,,-8.61,,-8.47,,-8.65,,Sz117
0.196222,,Sz117,,16 09 44.34,-39 13 30.3,2015-07-13,2457216.06882,2x360,2x310,2x360,III,,,1.71e-13,7e-15,-1.616,0.148,4.36e-14,4.6e-15,-1.12,0.193,3.16e-14,3.2e-15,-1.117,0.198,3.29e-14,3.8e-15,-1.824,0.394,,2.71e-14,1.7e-15,-2.035,0.442,242.43474999999995,-39.22508333333334,242.434723,-39.225033,Sz117,J160944.3-391330,242.434723,-39.225033,-1.06,star+dust(MP1),85.6,118.0,113.0,,,,,98.4,,N,M3.5,3340,77,0.50,200,0.4467,0.1927,2.00,0.43,,0.44,0.09,,0.26,0.03,0.19,0.03,,0.29,0.03,,TWA15,,-2.1,,-8.84,,-8.61,,-8.47,,-8.65,,Sz117
0.053204,,Sz117,,16 09 44.34,-39 13 30.3,2015-07-13,2457216.06882,2x360,2x310,2x360,III,,,1.71e-13,7e-15,-1.616,0.148,4.36e-14,4.6e-15,-1.12,0.193,3.16e-14,3.2e-15,-1.117,0.198,3.29e-14,3.8e-15,-1.824,0.394,,2.71e-14,1.7e-15,-2.035,0.442,242.43474999999995,-39.22508333333334,242.434769,-39.225082,LUP_III,J160944.3-391330,242.434769,-39.225082,-1.05,YSOc_star+dust(IR2),85.6,118.0,113.0,65.2,61.5,56.9,55.3,91.5,122.0,N,M3.5,3340,77,0.50,200,0.4467,0.1927,2.00,0.43,,0.44,0.09,,0.26,0.03,0.19,0.03,,0.29,0.03,,TWA15,,-2.1,,-8.84,,-8.61,,-8.47,,-8.65,,Sz117
0.056433,,Sz118,,16 09 48.64,-39 11 16.9,2015-07-13,2457216.097061,2x450,2x400,2x480,III,,,5.98e-13,4.3e-14,-1.25,0.169,1.97e-13,2.2e-14,-0.723,0.139,1.55e-13,1.9e-14,-0.872,0.214,1.43e-13,1.4e-14,-1.31,0.313,,1.76e-13,9e-15,-2.824,0.504,242.4526666666666,-39.188027777777776,242.452682,-39.188038,LUP_III,J160948.6-391117,242.452682,-39.188038,-0.77,YSOc_star+dust(IR2),105.0,186.0,224.0,212.0,255.0,238.0,302.0,355.0,322.0,N,K5,4350,200,1.90,200,1.0715,0.4663,1.82,0.40,,1.39,0.16,,1.01,0.19,0.63,0.16,,1.09,0.20,,CD 36-7429A,,-1.8,,-9.08,,-8.94,,-8.73,,-8.97,,Sz118
0.056433,,Sz118,,16 09 48.64,-39 11 16.9,2015-07-13,2457216.097061,2x450,2x400,2x480,III,,,5.98e-13,4.3e-14,-1.25,0.169,1.97e-13,2.2e-14,-0.723,0.139,1.55e-13,1.9e-14,-0.872,0.214,1.43e-13,1.4e-14,-1.31,0.313,,1.76e-13,9e-15,-2.824,0.504,242.4526666666666,-39.188027777777776,242.452682,-39.188038,LUP_III,J160948.6-391117,242.452682,-39.188038,-0.77,YSOc_star+dust(IR2),105.0,186.0,224.0,212.0,255.0,238.0,302.0,355.0,322.0,N,K5,4350,200,1.90,200,1.0715,0.4663,1.82,0.40,,1.39,0.16,,1.01,0.19,0.63,0.16,,1.09,0.20,,CD 36-7429A,,-1.8,,-9.08,,-8.94,,-8.73,,-8.97,,Sz118
0.056433,,Sz118,,16 09 48.64,-39 11 16.9,2015-07-13,2457216.097061,2x450,2x400,2x480,III,,,5.98e-13,4.3e-14,-1.25,0.169,1.97e-13,2.2e-14,-0.723,0.139,1.55e-13,1.9e-14,-0.872,0.214,1.43e-13,1.4e-14,-1.31,0.313,,1.76e-13,9e-15,-2.824,0.504,242.4526666666666,-39.188027777777776,242.452682,-39.188038,LUP_III,J160948.6-391117,242.452682,-39.188038,-0.77,YSOc_star+dust(IR2),105.0,186.0,224.0,212.0,255.0,238.0,302.0,355.0,322.0,N,K5,4350,200,1.90,200,1.0715,0.4663,1.82,0.40,,1.39,0.16,,1.01,0.19,0.63,0.16,,1.09,0.20,,CD 36-7429A,,-1.8,,-9.08,,-8.94,,-8.73,,-8.97,,Sz118
0.695519,,Sz118,,16 09 48.64,-39 11 16.9,2015-07-13,2457216.097061,2x450,2x400,2x480,III,,,5.98e-13,4.3e-14,-1.25,0.169,1.97e-13,2.2e-14,-0.723,0.139,1.55e-13,1.9e-14,-0.872,0.214,1.43e-13,1.4e-14,-1.31,0.313,,1.76e-13,9e-15,-2.824,0.504,242.4526666666666,-39.188027777777776,242.452454,-39.187927,Sz117,J160948.6-391117,242.452454,-39.187927,-0.83,star+dust(MP1),105.0,186.0,224.0,,,,,334.0,,N,K5,4350,200,1.90,200,1.0715,0.4663,1.82,0.40,,1.39,0.16,,1.01,0.19,0.63,0.16,,1.09,0.20,,CD 36-7429A,,-1.8,,-9.08,,-8.94,,-8.73,,-8.97,,Sz118
0.185724,,Sz129,,15 59 16.48,-41 57 10.3,2015-06-26,2457199.059343,2x100,2x50,2x100,IV,,,1.13e-12,3e-14,-2.511,0.204,5.07e-13,4.2e-14,-1.598,0.284,4.14e-13,3.9e-14,-1.638,0.328,3.54e-13,3.2e-14,-1.671,0.294,,2.38e-13,1.9e-14,-1.386,0.195,239.81866666666662,-41.95286111111111,239.818649,-41.952911,Sz129,J155916.5-415710,239.818649,-41.952911,-0.83,YSOc_star+dust(IR2),170.0,238.0,240.0,178.0,157.0,136.0,184.0,326.0,,N,K7,4060,187,0.90,150,0.3715,0.1600,1.23,0.27,,0.99,0.14,,0.79,0.15,0.66,0.14,,0.80,0.16,,TWA6,,-1.2,,-8.50,,-8.40,,-8.32,,-8.41,,Sz129
0.185724,,Sz129,,15 59 16.48,-41 57 10.3,2015-06-26,2457199.059343,2x100,2x50,2x100,IV,,,1.13e-12,3e-14,-2.511,0.204,5.07e-13,4.2e-14,-1.598,0.284,4.14e-13,3.9e-14,-1.638,0.328,3.54e-13,3.2e-14,-1.671,0.294,,2.38e-13,1.9e-14,-1.386,0.195,239.81866666666662,-41.95286111111111,239.818649,-41.952911,Sz129,J155916.5-415710,239.818649,-41.952911,-0.83,YSOc_star+dust(IR2),170.0,238.0,240.0,178.0,157.0,136.0,184.0,326.0,,N,K7,4060,187,0.90,150,0.3715,0.1600,1.23,0.27,,0.99,0.14,,0.79,0.15,0.66,0.14,,0.80,0.16,,TWA6,,-1.2,,-8.50,,-8.40,,-8.32,,-8.41,,Sz129
0.330347,,Sz131,,16 00 49.42,-41 30 04.1,2015-07-01,2457204.221691,2x450,2x400,2x960,IV,,,1.02e-13,6e-15,-1.87,0.235,2.68e-14,4.2e-15,-1.347,0.363,2.17e-14,4e-16,-1.411,0.494,2.06e-14,4e-15,-1.584,0.598,,2.07e-14,2.5e-15,-1.733,0.431,240.20591666666664,-41.50113888888889,240.206039,-41.501144,LUP_IV,J160049.4-413004,240.206039,-41.501144,-0.96,star+dust(IR2),41.3,58.0,60.8,,55.7,,58.2,64.4,52.9,N,M3,3415,79,1.30,150,0.1318,0.0583,1.04,0.23,,0.36,0.07,,0.32,0.05,0.26,0.05,,0.30,0.04,,CD 36-7429B,,-2.4,,-9.33,,-9.28,,-9.19,,-9.25,,Sz131
0.330347,,Sz131,,16 00 49.42,-41 30 04.1,2015-07-01,2457204.221691,2x450,2x400,2x960,IV,,,1.02e-13,6e-15,-1.87,0.235,2.68e-14,4.2e-15,-1.347,0.363,2.17e-14,4e-16,-1.411,0.494,2.06e-14,4e-15,-1.584,0.598,,2.07e-14,2.5e-15,-1.733,0.431,240.20591666666664,-41.50113888888889,240.206039,-41.501144,LUP_IV,J160049.4-413004,240.206039,-41.501144,-0.96,star+dust(IR2),41.3,58.0,60.8,,55.7,,58.2,64.4,52.9,N,M3,3415,79,1.30,150,0.1318,0.0583,1.04,0.23,,0.36,0.07,,0.32,0.05,0.26,0.05,,0.30,0.04,,CD 36-7429B,,-2.4,,-9.33,,-9.28,,-9.19,,-9.25,,Sz131
0.037701,,Sz133,,16 03 29.41,-41 40 02.7,2015-07-02,2457205.191567,2x900,2x850,2x960,IV,,,5.85e-13,9e-15,-7.007,0.349,6.24e-14,1.01e-14,-0.98,0.28,4.11e-14,1.43e-14,-1.019,0.357,2.28e-14,6.4e-15,-0.63,0.281,,2.13e-14,1.4e-15,-0.82,0.091,240.87254166666665,-41.66741666666666,240.872528,-41.667419,LUP_IV,J160329.4-414003,240.872528,-41.667419,-0.87,star+dust(MP1),22.9,62.0,103.0,,,,,142.0,,N,K5,4350,200,1.80,150,0.0708,0.0323,0.47,0.11,,,,,,,,,,,,"sl, bz",CD 36-7429A,,-1.8,,,,,,,,,c,Sz133
0.037701,,Sz133,,16 03 29.41,-41 40 02.7,2015-07-02,2457205.191567,2x900,2x850,2x960,IV,,,5.85e-13,9e-15,-7.007,0.349,6.24e-14,1.01e-14,-0.98,0.28,4.11e-14,1.43e-14,-1.019,0.357,2.28e-14,6.4e-15,-0.63,0.281,,2.13e-14,1.4e-15,-0.82,0.091,240.87254166666665,-41.66741666666666,240.872528,-41.667419,LUP_IV,J160329.4-414003,240.872528,-41.667419,-0.87,star+dust(MP1),22.9,62.0,103.0,,,,,142.0,,N,K5,4350,200,1.80,150,0.0708,0.0323,0.47,0.11,,,,,,,,,,,,"sl, bz",CD 36-7429A,,-1.8,,,,,,,,,c,Sz133
0.066344,,Sz65,,15 39 27.78,-34 46 17.4,2015-06-04,2457177.017838,2x150,2x100,2x150,I,,,2.55e-13,2.2e-14,-0.348,0.041,2.87e-14,1.47e-14,-0.066,0.022,,,,,1.45e-14,8.5e-15,-0.088,0.035,,1.38e-14,2.7e-15,-0.207,0.083,234.86575,-34.771499999999996,234.865768,-34.771511,LUP_I,J153927.8-344617,234.865768,-34.771511,-0.84,YSOc_star+dust(IR3),336.0,441.0,428.0,255.0,225.0,231.0,284.0,483.0,468.0,N,K7,4060,187,0.60,150,0.8318,0.3623,1.84,0.40,,1.15,0.15,,0.70,0.16,0.49,0.13,,0.76,0.18,,SO879,<,-2.6,<,-9.79,<,-9.57,<,-9.42,<,-9.61,a,Sz65
0.601265,,Sz65,,15 39 27.78,-34 46 17.4,2015-06-04,2457177.017838,2x150,2x100,2x150,I,,,2.55e-13,2.2e-14,-0.348,0.041,2.87e-14,1.47e-14,-0.066,0.022,,,,,1.45e-14,8.5e-15,-0.088,0.035,,1.38e-14,2.7e-15,-0.207,0.083,234.86575,-34.771499999999996,234.865753,-34.771667,Sz65,J153927.8-344618,234.865753,-34.771667,-0.93,star+dust(MP1),336.0,441.0,428.0,,,,,502.0,,N,K7,4060,187,0.60,150,0.8318,0.3623,1.84,0.40,,1.15,0.15,,0.70,0.16,0.49,0.13,,0.76,0.18,,SO879,<,-2.6,<,-9.79,<,-9.57,<,-9.42,<,-9.61,a,Sz65
0.066344,,Sz65,,15 39 27.78,-34 46 17.4,2015-06-04,2457177.017838,2x150,2x100,2x150,I,,,2.55e-13,2.2e-14,-0.348,0.041,2.87e-14,1.47e-14,-0.066,0.022,,,,,1.45e-14,8.5e-15,-0.088,0.035,,1.38e-14,2.7e-15,-0.207,0.083,234.86575,-34.771499999999996,234.865768,-34.771511,LUP_I,J153927.8-344617,234.865768,-34.771511,-0.84,YSOc_star+dust(IR3),336.0,441.0,428.0,255.0,225.0,231.0,284.0,483.0,468.0,N,K7,4060,187,0.60,150,0.8318,0.3623,1.84,0.40,,1.15,0.15,,0.70,0.16,0.49,0.13,,0.76,0.18,,SO879,<,-2.6,<,-9.79,<,-9.57,<,-9.42,<,-9.61,a,Sz65
0.066344,,Sz65,,15 39 27.78,-34 46 17.4,2015-06-04,2457177.017838,2x150,2x100,2x150,I,,,2.55e-13,2.2e-14,-0.348,0.041,2.87e-14,1.47e-14,-0.066,0.022,,,,,1.45e-14,8.5e-15,-0.088,0.035,,1.38e-14,2.7e-15,-0.207,0.083,234.86575,-34.771499999999996,234.865768,-34.771511,LUP_I,J153927.8-344617,234.865768,-34.771511,-0.84,YSOc_star+dust(IR3),336.0,441.0,428.0,255.0,225.0,231.0,284.0,483.0,468.0,N,K7,4060,187,0.60,150,0.8318,0.3623,1.84,0.40,,1.15,0.15,,0.70,0.16,0.49,0.13,,0.76,0.18,,SO879,<,-2.6,<,-9.79,<,-9.57,<,-9.42,<,-9.61,a,Sz65
0.043071,,Sz68,,15 45 12.87,-34 17 30.8,2015-05-18,2457160.210844,2x100,2x60,2x50,I,,,5.06e-12,2e-13,-0.67,0.039,,,,,,,,,,,,,,,,,,236.30362499999995,-34.291888888888884,236.303619,-34.291878,LUP_I,J154512.9-341731,236.303619,-34.291878,-0.76,star+dust(IR1),1490.0,1840.0,1710.0,1580.0,1420.0,1690.0,2170.0,286.0,4900.0,N,K2,4900,226,1.00,150,5.1286,2.1919,3.14,0.67,>,1.40,,>,1.40,,1.40,0.42,,2.13,0.33,,RXJ0438,<,-1.2,<,-8.24,<,-8.24,<,-8.24,<,-8.42,a,Sz68
0.043071,,Sz68,,15 45 12.87,-34 17 30.8,2015-05-18,2457160.210844,2x100,2x60,2x50,I,,,5.06e-12,2e-13,-0.67,0.039,,,,,,,,,,,,,,,,,,236.30362499999995,-34.291888888888884,236.303619,-34.291878,LUP_I,J154512.9-341731,236.303619,-34.291878,-0.76,star+dust(IR1),1490.0,1840.0,1710.0,1580.0,1420.0,1690.0,2170.0,286.0,4900.0,N,K2,4900,226,1.00,150,5.1286,2.1919,3.14,0.67,>,1.40,,>,1.40,,1.40,0.42,,2.13,0.33,,RXJ0438,<,-1.2,<,-8.24,<,-8.24,<,-8.24,<,-8.42,a,Sz68
0.257629,true,Sz76,,15 49 30.74,-35 49 51.4,2014-04-28,2456775.245961,2x478,2x280,2x26,I,3,,1.56e-13,8e-15,-2.45,0.45,3.15e-14,2.4e-15,-1.298,0.212,1.62e-14,1.8e-15,-0.963,0.263,1.18e-14,1.2e-15,-1.011,0.264,,1e-14,1.2e-15,-1.416,0.544,237.3780833333333,-35.83094444444445,237.378082,-35.831016,Sz76,J154930.7-354952,237.378082,-35.831016,-0.9,YSOc_star+dust(IR3),65.8,79.0,65.3,34.6,26.2,23.5,34.2,63.0,,T,M4,3270,75,0.20,150,0.1585,0.0704,1.24,0.28,,0.27,0.05,,0.23,0.04,0.19,0.03,,0.25,0.03,td,Tyc7760283_1,,-2.6,,-9.33,,-9.26,,-9.18,,-9.30,,Sz76
0.257629,true,Sz76,,15 49 30.74,-35 49 51.4,2014-04-28,2456775.245961,2x478,2x280,2x26,I,3,,1.56e-13,8e-15,-2.45,0.45,3.15e-14,2.4e-15,-1.298,0.212,1.62e-14,1.8e-15,-0.963,0.263,1.18e-14,1.2e-15,-1.011,0.264,,1e-14,1.2e-15,-1.416,0.544,237.3780833333333,-35.83094444444445,237.378082,-35.831016,Sz76,J154930.7-354952,237.378082,-35.831016,-0.9,YSOc_star+dust(IR3),65.8,79.0,65.3,34.6,26.2,23.5,34.2,63.0,,T,M4,3270,75,0.20,150,0.1585,0.0704,1.24,0.28,,0.27,0.05,,0.23,0.04,0.19,0.03,,0.25,0.03,td,Tyc7760283_1,,-2.6,,-9.33,,-9.26,,-9.18,,-9.30,,Sz76
0.222692,true,Sz77,,15 51 46.95,-35 56 44.1,2010-05-05,2455321.376758,2x400,4x320,6x240,I,2,,4.13e-13,2.9e-14,-0.779,0.096,1e-13,2.6e-14,-0.328,0.127,6.93e-14,2.91e-14,-0.375,0.131,5.1e-14,1.79e-14,-0.383,0.16,,3.84e-14,1.13e-14,-0.482,0.238,237.94562499999995,-35.94558333333333,237.945587,-35.945637,Sz77,J155146.9-355644,237.945587,-35.945637,-0.95,YSOc_star+dust(IR3),266.0,375.0,328.0,218.0,181.0,170.0,199.0,333.0,,T,K7,4060,187,0.00,150,0.5495,0.2428,1.50,0.36,,1.08,0.15,,0.75,0.16,0.56,0.14,,0.79,0.17,,Sz94,,-1.7,,-8.95,,-8.79,,-8.67,,-8.81,,Sz77
0.222692,true,Sz77,,15 51 46.95,-35 56 44.1,2010-05-05,2455321.376758,2x400,4x320,6x240,I,2,,4.13e-13,2.9e-14,-0.779,0.096,1e-13,2.6e-14,-0.328,0.127,6.93e-14,2.91e-14,-0.375,0.131,5.1e-14,1.79e-14,-0.383,0.16,,3.84e-14,1.13e-14,-0.482,0.238,237.94562499999995,-35.94558333333333,237.945587,-35.945637,Sz77,J155146.9-355644,237.945587,-35.945637,-0.95,YSOc_star+dust(IR3),266.0,375.0,328.0,218.0,181.0,170.0,199.0,333.0,,T,K7,4060,187,0.00,150,0.5495,0.2428,1.50,0.36,,1.08,0.15,,0.75,0.16,0.56,0.14,,0.79,0.17,,Sz94,,-1.7,,-8.95,,-8.79,,-8.67,,-8.81,,Sz77
0.831042,,Sz81A (SW),,15 55 50.21,-38 01 34.0,2015-08-19,2457253.07287,2x300,2x250,2x300,II,,,3.31e-13,8e-15,-5.313,0.649,3.39e-14,1.4e-15,-2.306,0.439,1.32e-14,1e-15,-1.189,0.26,7.78e-15,8.5e-16,-0.923,0.242,,6.02e-15,1.52e-15,-1.049,0.58,238.9592083333333,-38.02611111111111,238.959473,-38.026012,Sz81,J155550.3-380134,238.959473,-38.026012,-1.17,YSOc_star+dust(IR2),135.0,157.0,143.0,103.0,95.6,73.6,80.2,95.1,,N,M4.5,3200,74,0.00,150,0.2239,0.1103,1.54,0.38,,0.23,0.07,,0.19,0.03,0.17,0.03,,0.23,0.03,,SO797,,-2.5,,-9.07,,-8.98,,-8.94,,-9.07,,Name Sz 81A
0.831042,,Sz81A (SW),,15 55 50.21,-38 01 34.0,2015-08-19,2457253.07287,2x300,2x250,2x300,II,,,3.31e-13,8e-15,-5.313,0.649,3.39e-14,1.4e-15,-2.306,0.439,1.32e-14,1e-15,-1.189,0.26,7.78e-15,8.5e-16,-0.923,0.242,,6.02e-15,1.52e-15,-1.049,0.58,238.9592083333333,-38.02611111111111,238.959473,-38.026012,Sz81,J155550.3-380134,238.959473,-38.026012,-1.17,YSOc_star+dust(IR2),135.0,157.0,143.0,103.0,95.6,73.6,80.2,95.1,,N,M4.5,3200,74,0.00,150,0.2239,0.1103,1.54,0.38,,0.23,0.07,,0.19,0.03,0.17,0.03,,0.23,0.03,,SO797,,-2.5,,-9.07,,-8.98,,-8.94,,-9.07,,Name Sz 81A
0.604384,true,Sz82/IM Lup,,15 56 09.18,-37 56 06.1,2010-05-04,2455320.065259,2x300,2x120,2x200,II,2,,1.49e-12,2.6e-13,-0.868,0.146,7.72e-13,8.8e-14,-0.725,0.142,2.38e-13,3.7e-14,-0.256,0.061,2.16e-13,2.8e-14,-0.314,0.062,,1.79e-13,1.7e-14,-0.584,0.091,239.03824999999998,-37.935027777777776,239.038406,-37.935142,Sz82,J155609.2-375607,239.038406,-37.935142,-0.74,YSOc_star+dust(IR3),489.0,595.0,535.0,324.0,220.0,313.0,370.0,765.0,,T,K5,4350,200,0.90,150,2.3300,1.0397,2.69,0.65,,1.40,0.00,,0.95,0.00,0.55,0.00,,1.10,0.00,td,CD_36_7429A,,-1.1,,-8.21,,-8.04,,-7.80,,-8.10,,Sz82
0.604384,true,Sz82/IM Lup,,15 56 09.18,-37 56 06.1,2010-05-04,2455320.065259,2x300,2x120,2x200,II,2,,1.49e-12,2.6e-13,-0.868,0.146,7.72e-13,8.8e-14,-0.725,0.142,2.38e-13,3.7e-14,-0.256,0.061,2.16e-13,2.8e-14,-0.314,0.062,,1.79e-13,1.7e-14,-0.584,0.091,239.03824999999998,-37.935027777777776,239.038406,-37.935142,Sz82,J155609.2-375607,239.038406,-37.935142,-0.74,YSOc_star+dust(IR3),489.0,595.0,535.0,324.0,220.0,313.0,370.0,765.0,,T,K5,4350,200,0.90,150,2.3300,1.0397,2.69,0.65,,1.40,0.00,,0.95,0.00,0.55,0.00,,1.10,0.00,td,CD_36_7429A,,-1.1,,-8.21,,-8.04,,-7.80,,-8.10,,Sz82
0.040673,,Sz90,,16 07 10.08,-39 11 03.5,2015-07-12,2457215.095862,2x360,2x310,2x360,III,,,6.01e-13,2.5e-14,-1.679,0.134,1.65e-13,2.7e-14,-0.846,0.218,9.79e-14,2.12e-14,-0.691,0.209,1.04e-13,1.5e-14,-1.229,0.317,,1.07e-13,2e-14,-1.705,0.478,241.79199999999997,-39.184305555555554,241.791992,-39.184315,LUP_III,J160710.1-391104,241.791992,-39.184315,-1.04,YSOc_star+dust(IR2),115.0,192.0,216.0,185.0,154.0,127.0,123.0,258.0,335.0,N,K7,4060,187,1.80,200,0.6607,0.2845,1.64,0.36,,1.11,0.15,,0.73,0.16,0.52,0.14,,0.79,0.17,,TWA6,,-1.6,,-8.82,,-8.64,,-8.49,,-8.68,,Sz90
0.040673,,Sz90,,16 07 10.08,-39 11 03.5,2015-07-12,2457215.095862,2x360,2x310,2x360,III,,,6.01e-13,2.5e-14,-1.679,0.134,1.65e-13,2.7e-14,-0.846,0.218,9.79e-14,2.12e-14,-0.691,0.209,1.04e-13,1.5e-14,-1.229,0.317,,1.07e-13,2e-14,-1.705,0.478,241.79199999999997,-39.184305555555554,241.791992,-39.184315,LUP_III,J160710.1-391104,241.791992,-39.184315,-1.04,YSOc_star+dust(IR2),115.0,192.0,216.0,185.0,154.0,127.0,123.0,258.0,335.0,N,K7,4060,187,1.80,200,0.6607,0.2845,1.64,0.36,,1.11,0.15,,0.73,0.16,0.52,0.14,,0.79,0.17,,TWA6,,-1.6,,-8.82,,-8.64,,-8.49,,-8.68,,Sz90
0.040673,,Sz90,,16 07 10.08,-39 11 03.5,2015-07-12,2457215.095862,2x360,2x310,2x360,III,,,6.01e-13,2.5e-14,-1.679,0.134,1.65e-13,2.7e-14,-0.846,0.218,9.79e-14,2.12e-14,-0.691,0.209,1.04e-13,1.5e-14,-1.229,0.317,,1.07e-13,2e-14,-1.705,0.478,241.79199999999997,-39.184305555555554,241.791992,-39.184315,LUP_III,J160710.1-391104,241.791992,-39.184315,-1.04,YSOc_star+dust(IR2),115.0,192.0,216.0,185.0,154.0,127.0,123.0,258.0,335.0,N,K7,4060,187,1.80,200,0.6607,0.2845,1.64,0.36,,1.11,0.15,,0.73,0.16,0.52,0.14,,0.79,0.17,,TWA6,,-1.6,,-8.82,,-8.64,,-8.49,,-8.68,,Sz90
0.050349,,Sz95,,16 07 52.32,-38 58 06.3,2015-07-12,2457215.118419,2x360,2x310,2x360,III,,,3.51e-14,2.6e-15,-0.415,0.045,1.09e-14,1.3e-15,-0.386,0.079,6.87e-15,1.32e-15,-0.399,0.13,4.57e-15,6e-16,-0.362,0.083,,9.13e-15,2.27e-15,-1.484,0.666,241.96799999999996,-38.96841666666667,241.967987,-38.968407,LUP_III,J160752.3-385806,241.967987,-38.968407,-1.29,YSOc_star+dust(IR4),62.8,79.0,66.1,42.1,31.8,27.3,29.6,30.0,,N,M3,3415,79,0.80,200,0.4169,0.1842,1.84,0.41,,0.46,0.09,,0.29,0.04,0.23,0.04,,0.33,0.04,,CD 36-7429B,,-2.5,,-9.29,,-9.09,,-8.99,,-9.15,,Sz95
0.050349,,Sz95,,16 07 52.32,-38 58 06.3,2015-07-12,2457215.118419,2x360,2x310,2x360,III,,,3.51e-14,2.6e-15,-0.415,0.045,1.09e-14,1.3e-15,-0.386,0.079,6.87e-15,1.32e-15,-0.399,0.13,4.57e-15,6e-16,-0.362,0.083,,9.13e-15,2.27e-15,-1.484,0.666,241.96799999999996,-38.96841666666667,241.967987,-38.968407,LUP_III,J160752.3-385806,241.967987,-38.968407,-1.29,YSOc_star+dust(IR4),62.8,79.0,66.1,42.1,31.8,27.3,29.6,30.0,,N,M3,3415,79,0.80,200,0.4169,0.1842,1.84,0.41,,0.46,0.09,,0.29,0.04,0.23,0.04,,0.33,0.04,,CD 36-7429B,,-2.5,,-9.29,,-9.09,,-8.99,,-9.15,,Sz95
0.050349,,Sz95,,16 07 52.32,-38 58 06.3,2015-07-12,2457215.118419,2x360,2x310,2x360,III,,,3.51e-14,2.6e-15,-0.415,0.045,1.09e-14,1.3e-15,-0.386,0.079,6.87e-15,1.32e-15,-0.399,0.13,4.57e-15,6e-16,-0.362,0.083,,9.13e-15,2.27e-15,-1.484,0.666,241.96799999999996,-38.96841666666667,241.967987,-38.968407,LUP_III,J160752.3-385806,241.967987,-38.968407,-1.29,YSOc_star+dust(IR4),62.8,79.0,66.1,42.1,31.8,27.3,29.6,30.0,,N,M3,3415,79,0.80,200,0.4169,0.1842,1.84,0.41,,0.46,0.09,,0.29,0.04,0.23,0.04,,0.33,0.04,,CD 36-7429B,,-2.5,,-9.29,,-9.09,,-8.99,,-9.15,,Sz95
0.015261,,Sz96,,16 08 12.62,-39 08 33.5,2015-07-03,2457206.270061,2x360,2x310,2x360,III,,,1.63e-13,9e-15,-0.554,0.046,5.64e-14,5.8e-15,-0.437,0.068,4.45e-14,9.9e-15,-0.622,0.218,3.23e-14,5.6e-15,-0.644,0.224,,3.66e-14,5.9e-15,-1.481,0.741,242.0525833333333,-39.14263888888889,242.052582,-39.142643,LUP_III,J160812.6-390834,242.052582,-39.142643,-0.83,YSOc_star+dust(IR1),142.0,187.0,174.0,168.0,113.0,138.0,173.0,241.0,157.0,N,M1,3705,171,0.80,200,0.6918,0.3234,2.02,0.47,,0.80,0.17,,0.43,0.10,0.33,0.10,,0.46,0.11,,RXJ1121.3-3447,,-2.3,,-9.29,,-9.02,,-8.91,,-9.05,,Sz96
0.16843,,Sz96,,16 08 12.62,-39 08 33.5,2015-07-03,2457206.270061,2x360,2x310,2x360,III,,,1.63e-13,9e-15,-0.554,0.046,5.64e-14,5.8e-15,-0.437,0.068,4.45e-14,9.9e-15,-0.622,0.218,3.23e-14,5.6e-15,-0.644,0.224,,3.66e-14,5.9e-15,-1.481,0.741,242.0525833333333,-39.14263888888889,242.052643,-39.142632,Sz98,J160812.6-390833,242.052643,-39.142632,,2mass,142.0,187.0,174.0,,,,,,,N,M1,3705,171,0.80,200,0.6918,0.3234,2.02,0.47,,0.80,0.17,,0.43,0.10,0.33,0.10,,0.46,0.11,,RXJ1121.3-3447,,-2.3,,-9.29,,-9.02,,-8.91,,-9.05,,Sz96
0.015261,,Sz96,,16 08 12.62,-39 08 33.5,2015-07-03,2457206.270061,2x360,2x310,2x360,III,,,1.63e-13,9e-15,-0.554,0.046,5.64e-14,5.8e-15,-0.437,0.068,4.45e-14,9.9e-15,-0.622,0.218,3.23e-14,5.6e-15,-0.644,0.224,,3.66e-14,5.9e-15,-1.481,0.741,242.0525833333333,-39.14263888888889,242.052582,-39.142643,LUP_III,J160812.6-390834,242.052582,-39.142643,-0.83,YSOc_star+dust(IR1),142.0,187.0,174.0,168.0,113.0,138.0,173.0,241.0,157.0,N,M1,3705,171,0.80,200,0.6918,0.3234,2.02,0.47,,0.80,0.17,,0.43,0.10,0.33,0.10,,0.46,0.11,,RXJ1121.3-3447,,-2.3,,-9.29,,-9.02,,-8.91,,-9.05,,Sz96
0.361809,,Sz96,,16 08 12.62,-39 08 33.5,2015-07-03,2457206.270061,2x360,2x310,2x360,III,,,1.63e-13,9e-15,-0.554,0.046,5.64e-14,5.8e-15,-0.437,0.068,4.45e-14,9.9e-15,-0.622,0.218,3.23e-14,5.6e-15,-0.644,0.224,,3.66e-14,5.9e-15,-1.481,0.741,242.0525833333333,-39.14263888888889,242.052521,-39.142727,Sz96,J160812.6-390834,242.052521,-39.142727,-0.88,star+dust(MP1),142.0,187.0,174.0,,,,,235.0,,N,M1,3705,171,0.80,200,0.6918,0.3234,2.02,0.47,,0.80,0.17,,0.43,0.10,0.33,0.10,,0.46,0.11,,RXJ1121.3-3447,,-2.3,,-9.29,,-9.02,,-8.91,,-9.05,,Sz96
0.015261,,Sz96,,16 08 12.62,-39 08 33.5,2015-07-03,2457206.270061,2x360,2x310,2x360,III,,,1.63e-13,9e-15,-0.554,0.046,5.64e-14,5.8e-15,-0.437,0.068,4.45e-14,9.9e-15,-0.622,0.218,3.23e-14,5.6e-15,-0.644,0.224,,3.66e-14,5.9e-15,-1.481,0.741,242.0525833333333,-39.14263888888889,242.052582,-39.142643,LUP_III,J160812.6-390834,242.052582,-39.142643,-0.83,YSOc_star+dust(IR1),142.0,187.0,174.0,168.0,113.0,138.0,173.0,241.0,157.0,N,M1,3705,171,0.80,200,0.6918,0.3234,2.02,0.47,,0.80,0.17,,0.43,0.10,0.33,0.10,,0.46,0.11,,RXJ1121.3-3447,,-2.3,,-9.29,,-9.02,,-8.91,,-9.05,,Sz96
0.418016,,Sz98,,16 08 22.50,-39 04 46.0,2015-07-02,2457205.132662,2x150,2x100,2x150,III,,,4.24e-12,1e-13,-2.742,0.141,9.93e-13,9.2e-14,-0.942,0.152,5.31e-13,9.9e-14,-0.645,0.213,4.28e-13,6.2e-14,-0.685,0.153,,3.4e-13,4.3e-14,-0.743,0.158,242.09374999999997,-39.07944444444445,242.093658,-39.079536,LUP_III,J160822.5-390446,242.093658,-39.079536,-0.48,YSOc_star+dust(IR1),246.0,354.0,415.0,373.0,477.0,429.0,693.0,1200.0,540.0,N,K7,4060,187,1.00,200,2.5119,1.0755,3.20,0.69,,1.37,0.13,,0.70,0.16,0.38,0.11,,0.74,0.20,,SO879,,-0.5,,-7.52,,-7.23,,-6.97,,-7.26,,Sz98
0.418016,,Sz98,,16 08 22.50,-39 04 46.0,2015-07-02,2457205.132662,2x150,2x100,2x150,III,,,4.24e-12,1e-13,-2.742,0.141,9.93e-13,9.2e-14,-0.942,0.152,5.31e-13,9.9e-14,-0.645,0.213,4.28e-13,6.2e-14,-0.685,0.153,,3.4e-13,4.3e-14,-0.743,0.158,242.09374999999997,-39.07944444444445,242.093658,-39.079536,LUP_III,J160822.5-390446,242.093658,-39.079536,-0.48,YSOc_star+dust(IR1),246.0,354.0,415.0,373.0,477.0,429.0,693.0,1200.0,540.0,N,K7,4060,187,1.00,200,2.5119,1.0755,3.20,0.69,,1.37,0.13,,0.70,0.16,0.38,0.11,,0.74,0.20,,SO879,,-0.5,,-7.52,,-7.23,,-6.97,,-7.26,,Sz98
0.463763,,Sz98,,16 08 22.50,-39 04 46.0,2015-07-02,2457205.132662,2x150,2x100,2x150,III,,,4.24e-12,1e-13,-2.742,0.141,9.93e-13,9.2e-14,-0.942,0.152,5.31e-13,9.9e-14,-0.645,0.213,4.28e-13,6.2e-14,-0.685,0.153,,3.4e-13,4.3e-14,-0.743,0.158,242.09374999999997,-39.07944444444445,242.093719,-39.079571,Sz96,J160822.5-390446,242.093719,-39.079571,,2mass,246.0,354.0,415.0,,,,,,,N,K7,4060,187,1.00,200,2.5119,1.0755,3.20,0.69,,1.37,0.13,,0.70,0.16,0.38,0.11,,0.74,0.20,,SO879,,-0.5,,-7.52,,-7.23,,-6.97,,-7.26,,Sz98
0.699169,,Sz98,,16 08 22.50,-39 04 46.0,2015-07-02,2457205.132662,2x150,2x100,2x150,III,,,4.24e-12,1e-13,-2.742,0.141,9.93e-13,9.2e-14,-0.942,0.152,5.31e-13,9.9e-14,-0.645,0.213,4.28e-13,6.2e-14,-0.685,0.153,,3.4e-13,4.3e-14,-0.743,0.158,242.09374999999997,-39.07944444444445,242.093643,-39.07962,Sz98,J160822.5-390447,242.093643,-39.07962,-0.64,star+dust(MP1),246.0,354.0,415.0,,,,,982.0,,N,K7,4060,187,1.00,200,2.5119,1.0755,3.20,0.69,,1.37,0.13,,0.70,0.16,0.38,0.11,,0.74,0.20,,SO879,,-0.5,,-7.52,,-7.23,,-6.97,,-7.26,,Sz98
0.418016,,Sz98,,16 08 22.50,-39 04 46.0,2015-07-02,2457205.132662,2x150,2x100,2x150,III,,,4.24e-12,1e-13,-2.742,0.141,9.93e-13,9.2e-14,-0.942,0.152,5.31e-13,9.9e-14,-0.645,0.213,4.28e-13,6.2e-14,-0.685,0.153,,3.4e-13,4.3e-14,-0.743,0.158,242.09374999999997,-39.07944444444445,242.093658,-39.079536,LUP_III,J160822.5-390446,242.093658,-39.079536,-0.48,YSOc_star+dust(IR1),246.0,354.0,415.0,373.0,477.0,429.0,693.0,1200.0,540.0,N,K7,4060,187,1.00,200,2.5119,1.0755,3.20,0.69,,1.37,0.13,,0.70,0.16,0.38,0.11,,0.74,0.20,,SO879,,-0.5,,-7.52,,-7.23,,-6.97,,-7.26,,Sz98
