group,l0,b0,plx,e_plx,pml,e_pml,pmb,e_pmb,n,nG,flag
G257.2-0.0,257.257550227273,-0.0505987272727273,0.231402009702938,0.05136443262794968,-4.41895953851553,0.12331336109505792,0.0201844166996062,0.08972776734309824,62,22," "
G259.9-0.0,259.9362520625,-0.0253715,1.04590742289847,0.04213278155344092,-6.12894585378143,0.08252712961989582,-2.77773432494575,0.08625597190113553,68,42," "
G260.6+0.4,260.604614654676,0.48517390647482,1.04394257793881,0.0428995279898057,-5.81710568156328,0.07575835151955729,-2.20809329351431,0.07995206359132583,197,83," "
G261.4+0.3,261.418010892857,0.30209525,0.624941004989567,0.05950262811836283,-6.85399499034429,0.10023361481759215,-1.51099721524509,0.12058356025497154,40,14," "
G261.4+0.9,261.494861646552,0.918232655172414,1.01560060348818,0.040984627963613136,-6.74965432504735,0.07467525487031317,-1.97190024883581,0.07394876309823993,164,108," "
G262.4+1.4,262.430271985916,1.45386902816901,1.01209340417808,0.04085085668936202,-6.57175987013305,0.08015979149371916,-1.81706850818565,0.07345516409553172,101,66," "
G262.8+0.2,262.88061644,0.27687548,0.0697275034258292,0.05288057242253124,-6.56239685820282,0.6010898474977322,0.210822131366903,0.7500387557671818,33,6," "
G263.1+0.5,263.134758181818,0.580778272727273,0.387749221481058,0.07424397078175428,-6.29961135857146,0.09750438889238741,-1.42587494499023,0.10206216808913421,62,21," "
G263.6+0.9,263.628440107692,0.908117138461539,0.393694184389924,0.07330396208755102,-6.89191555896289,0.10776080946306832,-1.34953568229227,0.10681458009205799,91,26," "
G263.7+0.4,263.700206592593,0.431178,0.331962743218717,0.08266063737653262,-7.02378890882986,0.13883315010103423,-1.18710996871225,0.13222302125593458,37,8," "
G263.7+0.0,263.736182165049,0.0632474077669903,0.313361754431927,0.07095197853220897,-7.16670171792393,0.131276027181929,-1.0096391089193,0.10786298431189241,147,27," "
G263.7-0.4,263.77225528,-0.4263308,0.0941489590673371,0.07776349174151102,-6.88028153706658,0.4031329574341935,-1.40395826734602,0.45552845619573046,35,3,f
G264.3+1.4,264.33747556,1.46321172,0.497752101871314,0.08749591385020052,-6.72198912138758,0.22074299341934492,-0.980193260060951,0.08656683740957911,33,19," "
G264.5-0.2,264.536130075758,-0.258722651515152,0.37653482392181,0.050619409695107864,-7.01552797083382,0.12313903835032872,-0.43328116440277,0.11059780248180029,92,28," "
G264.6+0.4,264.681209923077,0.438138230769231,0.391103895889818,0.05052508007473769,-6.64683263060039,0.10451835084195576,-1.37688824358314,0.09312862036656204,36,16," "
G265.2+1.4,265.231106049587,1.41239344628099,0.909668595478124,0.052657518279151154,-7.49057803011044,0.10983378512589459,-2.15446175192447,0.10377813287760222,171,49," "
G266.6+0.2,266.606064307692,0.2239975,0.256838327402541,0.09252039357529156,-6.81232659521287,0.1305737806917108,-0.929770799796258,0.12820440387795018,36,11," "
G266.7-0.7,266.716419652174,-0.791762956521739,0.33846398656488,0.0662435865792478,-6.61269701478657,0.11171253563556384,-1.05752729984265,0.13014674368897933,64,23,f
G267.7-0.0,267.75860631579,-0.0891757894736842,0.29592706928475,0.07895052362309685,-6.74219700611568,0.12177317796205724,-1.79513009004362,0.8023064971796372,81,15," "
G267.7-0.7,267.787467096154,-0.792843807692308,0.560093947374875,0.06776474058561349,-6.52886819874862,0.12416306752475824,-1.42272790393052,0.12153115236000857,72,18," "
G267.9-1.1,267.90529712,-1.18050918666667,0.529999254676103,0.04136272952566524,-6.59782739922328,0.0771820745021867,-1.04028565230055,0.11414037476040341,214,79," "
G268.4-0.8,268.439870598131,-0.837693588785047,0.405025570527214,0.06122705490988258,-6.52103343403562,0.10881924888734594,-0.924985937144153,0.11003227575220753,151,40," "
G269.0-1.4,269.019021424242,-1.44489248484848,0.461080416545892,0.07102001426732212,-6.53591731106751,0.12211730366248652,-0.678590616880435,0.11655382052573338,47,7," "
G269.1-1.1,269.151874431818,-1.19224781818182,0.327994458337796,0.06045491597924231,-6.08302222302392,0.10868013045669368,-0.880519926540877,0.10041657267246136,62,13," "
G269.2-0.6,269.269221448276,-0.60277324137931,0.104578816529873,0.08780466212098877,-7.50525816773402,0.31541258584571175,-0.700216902096947,0.2944751908396788,41,4,f
G269.4+0.4,269.4839825,0.405663894736842,0.450874249130448,0.09252725473577672,-6.54491110495814,0.14543331683447597,-0.575261986951575,0.15065258991311753,54,7," "
G269.5-1.2,269.564250306452,-1.26034311290323,0.242877522833667,0.1454520709905456,-6.10987700738258,0.21931265712998094,-0.250853665188348,0.2047658049713792,88,8," "
G270.0-0.4,270.091723446808,-0.497895425531915,0.824650955140179,0.4165598359847674,-7.64449658332937,0.1457795130853133,-1.32247041267889,0.18551310662377168,67,19,f
G270.7-1.1,270.795390106383,-1.13620276595745,0.238065007115863,0.12445005108734938,-5.46724223295282,0.5200033544594823,-1.042387151489,0.1918388848581581,65,11," "
G271.2-0.8,271.201160285714,-0.801553285714286,0.44187446358408,0.06878465103412841,-6.53120809125078,0.14322500352574744,-0.788222113507103,0.11735865308844771,85,14,f
G271.6-0.5,271.608203023809,-0.574155976190476,0.285057081715032,0.04509405428869527,-6.49286440957493,0.0800737249143753,-1.1140422999968,0.08087202796367964,75,42," "
G274.0-1.2,274.065605914286,-1.20186838571429,0.0819119924316896,0.05151619502394053,-5.2358353208175,0.10842482670123009,-0.0627784244185779,0.1232324541943391,98,29," "
G274.6+0.2,274.617709633333,0.22231125,0.490597869581594,0.04213845297074991,-6.76561211820509,0.08535410883411114,-0.848476967296915,0.08265529506748359,84,34," "
G275.2-0.9,275.20883348,-0.9492156,0.0624720424410034,0.047246182373266075,-4.8339573419462,0.3112318882153558,-0.398572712149203,0.3407333686500248,33,10," "
G278.7-0.8,278.74897287156,-0.892255467889908,0.468452071965881,0.04366578135592224,-6.25872829958162,0.07479507107522072,-0.94273957957076,0.07634422896703584,153,61," "
G280.8-1.2,280.833520190476,-1.20431188571429,0.272123524009306,0.059277560204448625,-6.96682980328919,0.10957448945707547,-0.601867567789989,0.10538168965820208,149,17,f
G281.6-0.5,281.677356594595,-0.528577432432432,0.483693121304158,0.09767805428043144,-6.43690395380821,0.13177978819112948,-0.727506805984864,0.16188528502119406,51,16," "
G282.2-1.4,282.24679884507,-1.41808464788732,0.402151139694421,0.04304386322782459,-9.13886021452099,0.1135673595967088,-0.976549738487698,0.08402053145137071,99,28," "
G282.2-0.5,282.229126923077,-0.510752102564103,0.593129906660536,0.09165620883890958,-6.59177815298689,0.16686548678220742,-0.501079301197322,0.2039739528756219,55,7," "
G282.2-0.8,282.250740767442,-0.857115930232558,0.428169179540831,0.06052590964729966,-6.09584595756995,0.09827468946937251,-0.643385943085104,0.10399139338496713,59,7," "
G282.9-1.0,282.932549466102,-1.07906839830508,0.351843449388946,0.043649319284932264,-6.0438617000672,0.08488298396376283,-0.70560656546769,0.15511432110060464,166,50," "
G283.2-0.5,283.225637571429,-0.576571714285714,0.407290809131136,0.10740123380651981,-5.93463308302777,0.17944393486201385,-0.519297958613814,0.29470601963837173,60,11," "
G283.9-0.8,283.960782094891,-0.861281759124088,0.231337259399383,0.05415466984064224,-6.59920252577919,0.09394848219655451,-0.443685450938454,0.09267082355180363,193,48," "
G284.2-0.3,284.27718436646,-0.333330919254658,0.179766991265926,0.047599871054450106,-6.20681138797087,0.0917701133772387,-0.0960660384008798,0.09071773551130442,229,49," "
G284.5+0.2,284.581221538462,0.212811596153846,0.0773349788551997,0.057617618113678215,-7.448483534372,0.23400944876821178,-0.675171178813574,0.23666474960859682,72,12,f
G285.3+0.0,285.35489874026,0.0846912597402597,0.373726099901955,0.04711162017987737,-7.22927569842348,0.08329168570539894,-0.516876361778678,0.09068542036427704,109,24,f
G285.7-0.7,285.759990095238,-0.712543119047619,0.245407556479019,0.07202196576292183,-6.39910310665742,0.09460978465311276,-0.38284344951109,0.090424347777463,58,11,f
G286.2-0.1,286.263343457143,-0.134530497142857,0.348309942457721,0.04178484391004584,-7.26185758736075,0.09081166553722207,-1.05909503916242,0.08990490548939027,249,108," "
G286.3-1.4,286.382533966667,-1.40610733333333,0.18925001699718,0.06144109200718108,-5.73560353750181,0.1436962826947291,-0.266641859642229,0.0984439796490017,42,12,f
G287.6-0.7,287.640436895874,-0.736370921414538,0.37900241990161,0.04008283937467711,-6.75054802931201,0.07098661395963621,-1.07380764526627,0.07181479167954523,727,403," "
G289.0-0.2,289.024171722581,-0.26292335483871,0.141823452258538,0.04724166803104866,-5.73851348005215,0.07881328716568568,-0.328498756968915,0.07324708938661874,221,51," "
G289.5+0.1,289.51299316,0.10096312,0.377458437251081,0.04210568501116905,-7.18154639682512,0.07790518128619546,-0.690368381336058,0.07629249488270443,33,18," "
G289.8-1.0,289.862949694915,-1.05926976271186,0.171999092314158,0.043628902422568235,-6.37380742079701,0.07693215144072149,-0.308293461993191,0.08476111246689105,168,75," "
G290.6+0.0,290.682439990991,0.0902752342342342,0.381587848911714,0.041075770193679396,-6.36207454217379,0.07264668049577938,-0.488565395439997,0.07328677266577104,157,91," "
G291.3-0.7,291.398961278431,-0.703028125490196,0.351932984475206,0.04110297268256371,-6.2254932203288,0.07358162543005697,-1.03061590135842,0.09246601360109521,363,158,f
G293.1-1.0,293.197954385965,-1.00479022807018,0.274432269216599,0.04827667717399859,-6.34873181193213,0.10650544650024482,-0.772693661308896,0.09356023777070852,79,31," "
G293.7-1.6,293.73247721978,-1.61050707692308,0.337610866250353,0.04375631131548766,-6.33231759595017,0.08759019259305942,-0.943938573823975,0.07684967687670971,129,46," "
G293.9-0.8,293.929233833333,-0.833244321428571,0.27380020334659,0.05597750912042488,-5.87735382266374,0.10607875028408634,-0.626243026651129,0.12564134517517364,120,20," "
G294.3-0.4,294.376659051282,-0.443671717948718,0.313139943939824,0.043530970261008044,-6.38006165737595,0.4668071506364161,-0.292541172356888,0.1343390379284147,53,8," "
G294.8-1.6,294.84194240553,-1.61313051152074,0.38779499094048,0.04047277336946616,-6.00238761448403,0.07130895066148754,-0.990705568174191,0.07213411495592215,309,158," "
G295.0-0.6,295.094884457447,-0.649020744680851,0.318837472853226,0.06327371653938735,-6.14187635243391,0.08272823164006846,-0.305779991422282,0.10456783280546397,132,31," "
G295.8-0.1,295.824182454545,-0.184051151515152,0.18226113760363,0.05539518327862429,-6.30769590634865,0.17097396490445582,-0.155418242051253,0.1402854841839572,47,17,f
G296.4-0.7,296.449795647887,-0.754658070422535,0.126346355118499,0.04286275211395475,-6.02953643885919,0.12751867825175833,-0.133642469202741,0.09366800499347262,99,41," "
G297.4-0.5,297.442953408696,-0.530948756521739,0.135545664017162,0.043700151741632345,-6.21060918540042,0.0845096402097303,-0.339712281454326,0.1023150955778226,163,58," "
G298.3+0.7,298.31209286,0.734028,0.289353724350008,0.05784778848431813,-5.77974016429013,0.10018228183219559,-0.680835217682635,0.15507259163834283,70,25,f
G298.9-0.2,298.907139047009,-0.243338856837607,0.235810514627219,0.04217049726000224,-6.13196230074711,0.08375005009769415,-0.457139857670824,0.09018198125249294,668,191," "
G300.4-0.0,300.464199191489,-0.0974712925531915,0.25472717605153,0.0434626017723485,-6.4064652044236,0.07819784340969904,-0.657459987878061,0.0756173734499213,266,88," "
G300.9+0.9,300.954805169811,0.905217433962264,0.164796183163139,0.0506117808351063,-6.52530680112102,0.0830514515430322,-0.689468420202695,0.2772166222021428,73,12," "
G301.1-0.1,301.180714276596,-0.140501276595745,0.292960674334048,0.056754233612582555,-6.32750630214991,0.08487114723864875,-0.21702281696156,0.1416805147165942,65,19," "
G301.5-0.2,301.580826014084,-0.288858464788732,0.379520212132301,0.0972195688998998,-6.29994348404321,0.21775190651149692,-0.706424609086978,0.726774636272677,101,14," "
G301.8+0.8,301.844823754386,0.884351850877193,0.219849401194505,0.10476151690222087,-6.63992855919874,0.10055478304732278,-0.153127311601295,0.09746016054967419,162,41," "
G301.9+0.2,301.906268103448,0.280628482758621,0.125181765969987,0.08669191238328888,-6.07809205652039,0.11557237775275976,-0.317893787751013,0.0962210467706611,39,9," "
G302.5+0.0,302.516419392308,0.0352624615384615,0.185907990974329,0.04738098676459304,-6.35626739705203,0.09867512871344515,-0.399432017852481,0.09358731538494948,184,58," "
G302.5-0.6,302.552774166667,-0.68402812745098,0.240059199557982,0.11293739912518666,-5.21016911415222,0.2745247295102828,-0.66447094320628,0.10842255312427125,144,25," "
G303.6-0.6,303.669098083333,-0.6010926875,0.0967188661667762,0.06450671436815203,-6.03241108600513,0.11859743424163954,-0.125600718500873,0.10278138586186501,68,17," "
G304.0+0.2,304.054136411347,0.271953276595745,0.379376062031658,0.046840948882232475,-6.20164138706565,0.19955739026520494,-0.369609993386589,0.11971351667653038,201,35," "
G304.8-0.8,304.823919972973,-0.838730405405405,0.0698487860198589,0.05045468816630675,-6.12828116291676,0.15792028747416634,-0.242701325389777,0.15360432537421423,51,18,f
G304.8+0.4,304.811712376923,0.462201746153846,0.433570077378803,0.04565982017971694,-5.29016067950034,0.16451529101234333,-1.4512913974854,0.10423918290473942,184,54,f
G305.3-0.7,305.396891466667,-0.705357566666667,0.203039395753862,0.06994443218750108,-6.50399248784093,0.12183404822155174,-0.472911976759667,0.10037696482158501,42,13,f
G305.8+0.0,305.812142965517,0.0527045402298851,0.413455834048827,0.0411747967195452,-5.91935771787468,0.07401651523575191,-1.02411431507652,0.09482515778748593,994,287,f
G307.5-0.5,307.535745682353,-0.574812647058824,0.142446223273998,0.04638863522147225,-6.38983016599965,0.10775701610076355,-0.325365317419933,0.10713112000484996,119,25,f
G308.1-0.4,308.10382687037,-0.419514166666667,0.107287207485759,0.08655040999426383,-6.3098728036732,0.29505247877399626,-0.194411350895776,0.18628007005471672,76,9,f
G308.6+0.5,308.687729651163,0.598287627906977,0.173190450948392,0.04619991429752709,-6.10920759537058,0.07875539127645072,-0.671670596717536,0.0796742294107378,59,24," "
G309.0+0.1,309.04533315493,0.15074961971831,0.107251600778482,0.07215543202046736,-6.39475252166524,0.11071219920901065,-0.289065712870363,0.10632849177755677,101,26," "
G309.2-0.3,309.246918034247,-0.396048,0.281808710368939,0.04558275872335303,-5.73304472876845,0.13974345749962178,-0.462012234271575,0.20428653254924362,206,34,f
G309.9+0.4,309.968161361111,0.436816851851852,0.317540809461595,0.06894342923495235,-4.62952379954768,0.16501843252952353,-0.660529586981689,0.11574122036622593,152,19," "
G310.2-0.1,310.211702942857,-0.1351732,0.255500395374538,0.195236690724265,-6.23838738768747,0.20654391112829976,-0.038345078031458,0.2737241069109938,100,27," "
G311.8-0.0,311.878875841996,-0.0184123783783784,0.335236271746686,0.0421631673500176,-5.75913812803509,0.29373090089729637,-0.504185660536091,0.13031658792418746,1374,209," "
G313.2-0.3,313.288232558824,-0.365467882352941,0.568742968512377,0.046413610792908774,-4.18432414239795,0.09261596981889324,-1.61289602345833,0.07778684981674656,46,11," "
G313.7-0.0,313.756780387255,-0.0654390196078431,0.535046479670406,0.04262719679686401,-4.48603493380908,0.0730355256162007,-1.36892775437722,0.1308364877364467,290,46,f
G314.2+0.2,314.260384097561,0.230787276422764,0.394419634501291,0.0664737980468508,-5.15552951702987,0.14860481555109337,-0.996965602493218,0.3123355649674494,173,13,f
G315.0-0.1,315.086563305263,-0.152692231578947,0.29037859179865,0.050604236103039754,-5.95713192567057,0.11207388079011114,-0.690108291630926,0.09160814905975107,133,28," "
G316.6-0.1,316.600093310606,-0.139450356060606,0.162722852766583,0.0729808711163421,-5.48698419344997,0.5579801859408375,-0.0250075483718543,0.5512978946832189,186,15," "
G317.0+0.1,317.076761754717,0.174911245283019,0.0737552514948853,0.055112390033205914,-5.90097968543089,0.26487937628553754,-0.288414445642808,0.2615607280233904,75,11," "
G317.4-0.4,317.438227578947,-0.442314842105263,0.176138026958169,0.07052473239685385,-5.25762101569764,0.11427229330356609,-0.168420873454432,0.10745957170670786,52,16," "
G317.6+0.0,317.647869424242,0.0861638484848485,0.0734359724284845,0.05663620713282293,-5.68106198477024,1.2261113768099903,-0.600085522913448,2.2881368423296236,45,1,f
G317.8-0.2,317.882603242424,-0.248996484848485,0.106976442493276,0.08721772423944031,-5.35842207061146,0.264635580266438,-0.760428961787049,0.26243283835002923,47,4," "
G318.0+0.0,318.050757764706,0.0875872058823529,0.137513046295602,0.11005485960650849,-3.99560651559316,0.5670159134247736,0.283902144153643,0.20264802013094657,46,5," "
G318.7-0.2,318.762943453488,-0.232011558139535,0.595546423388666,0.08338562721324369,-4.16036351974048,0.6717778145067062,-0.0023645577753402,0.16818432620091067,122,11," "
G318.7-0.7,318.71004,-0.733721125,0.0695720155356348,0.052702865150065226,-6.98126657052539,0.6567882553821539,-2.12782756338643,0.8052702199070888,32,4," "
G319.1-0.4,319.182139821429,-0.403936857142857,0.120447837264515,0.08683214283241392,-5.16895104241092,0.21509108572463312,-0.512714101425674,0.15908604599530815,40,9,f
G319.3+0.8,319.335320535211,0.870456042253521,0.326358146844801,0.07410457524590051,-3.56816312650146,0.13966221759538472,-0.112441025240515,0.1535196078902701,99,16,f
G320.1+0.8,320.166095621212,0.842809575757576,0.31335397816716,0.04930332727392015,-4.62599078607471,0.1573904642592627,-0.290901111760277,0.09103611639662804,94,13,f
G320.3-0.9,320.363692632653,-0.934705448979592,0.244203041794136,0.08033330111371753,-4.78884449849535,0.14326962617708008,-0.292076508602218,0.1357006289891012,69,20," "
G320.5-0.2,320.561188598608,-0.225195626450116,0.264440414960506,0.046756921292516435,-5.92609194931511,0.12414519463549585,-0.473061427363611,0.091281343951452,615,96," "
G321.9+0.0,321.9796935625,4.64651785714286E-4,0.456935950410126,0.06693917064488117,-3.2855823125886,0.10922924394973436,-0.410257660647832,0.1148161494909925,158,31," "
G323.9-0.0,323.90635902907,-0.0827245377906977,0.33328236889937,0.057945569615121095,-5.20701656134495,0.28047425432105316,-0.532022409982344,0.12824286850256889,490,61," "
G324.1-0.8,324.102291333333,-0.803080708333333,0.10708419989744,0.08299006718592346,-4.9244820915091,0.12233726912148828,0.231174727088623,0.2148834166717909,32,6,f
G324.7+0.2,324.74173998,0.20636596,0.297449681258985,0.054102266747396266,-5.98983700608136,1.1275796150905029,-0.154057445782173,0.6005854697339388,70,11," "
G325.2-0.1,325.228989892857,-0.134542392857143,1.13575251111274,0.09644377734012367,-3.46074464484566,0.14553270866004075,-2.14235421787112,0.15336514910940308,40,13,f
G325.6+0.3,325.620897826923,0.376642134615385,0.458109783852524,0.05205333033653621,-5.08391022431121,0.10365990788413039,-0.58131727617521,0.09692867130026048,72,10," "
G326.3-0.3,326.390159226087,-0.342382991304348,0.343776952278645,0.062353457277683676,-5.58397511532226,0.08792180735097438,-0.475931083088571,0.3848963032586684,163,23," "
G326.6+0.6,326.610743568421,0.671608319298246,0.399901661151297,0.04516569049323168,-4.74139719816767,0.15021519841578287,-0.293664602958797,0.09075537182458686,405,54," "
G326.8-0.6,326.802544591837,-0.614161306122449,0.193865486962639,0.17032757822687017,-4.56244506043216,0.18719602643082908,-0.781834629643839,0.24137183117207925,69,4,f
G327.0-0.1,327.012170931034,-0.152992094827586,0.650808699589441,0.13893636590982425,-6.51377286693497,0.8605678598110907,0.241622504149808,0.5738399242514832,164,8," "
G327.2-0.5,327.26149445,-0.5426042,0.265125271392092,0.05989192843551103,-4.30581754335661,0.13086287556103027,-0.791337499094247,0.12419064711777628,56,13,f
G327.4+0.0,327.444248740741,0.0326811481481481,0.0873454541619227,0.07316424060557657,-13.906168098577,0.42482732889931524,6.51509320628777,0.2509153428587354,37,2,f
G327.8-0.6,327.824076782609,-0.621672217391304,0.428054936045071,0.04558136254338921,-3.14480162404042,0.11053939451028309,0.295218305231877,0.1029115583762377,31,5," "
G327.8+0.1,327.829482916667,0.147505291666667,,,,,,,,0,f
G328.1+0.4,328.121205365079,0.499144126984127,0.58475695150818,0.04999618007114389,-3.91628938437009,0.10282230364900707,-0.227617035939265,0.4649797282866764,89,7,f
G328.0-0.0,328.080978512195,-0.021763756097561,0.387963370443346,0.07275257365362511,-2.11090730929159,0.12308371988668032,-1.17004505733107,0.12752084501589964,57,2,f
G328.2-0.5,328.247196475,-0.538466825,0.371398983934101,0.05060452135255561,-3.78073779585652,0.2826835396300363,-0.290806212601436,0.08725270940009362,114,19," "
G328.7+0.2,328.789653892857,0.281675166666667,0.40332406662623,0.10610726105410677,-6.53829791150043,0.42865476123326435,0.0876312154170129,0.23517970069432662,118,7," "
G329.1-0.2,329.140126257143,-0.2703652,0.0574998362770305,0.04430091768636102,-5.09358168752695,0.22518341688419832,0.124065025695888,0.18592945631703947,98,10," "
G329.5+0.2,329.514004153226,0.208706314516129,0.188300981435013,0.08768606125205776,-4.06005147209416,0.739902822825854,-0.157895780973447,0.26422500468427235,176,18," "
G329.6-0.4,329.662765891892,-0.422272027027027,0.263769354267683,0.056206959223452105,-3.56288717788005,0.11543627065988701,-0.705146438136571,0.10116742671842668,51,9," "
G329.7+0.8,329.717462603774,0.861029905660377,0.0635266486713876,0.047683143754763894,-5.3740557701676,0.31797103419474787,0.159750862818389,0.5294711717502109,75,6," "
G330.0+1.0,330.020607538462,1.03479397435897,0.19953765072697,0.18396446312141196,-4.23038616012907,0.35953323107641005,0.0548096656819825,0.2901762270100294,55,3,f
G330.2+0.6,330.241450185185,0.639695555555556,0.0545511695738642,0.04292694999927374,-5.58109704965318,0.2272882657032304,0.00889410448325467,0.17936453613240044,37,9," "
G330.7+0.2,330.768371032258,0.283791483870968,0.072689593237298,0.05563262840033534,-4.67398958853318,0.772799035879038,-0.516420971334164,0.6855186419023003,43,2,f
G331.2-0.2,331.260164069909,-0.210398659574468,0.289322284148604,0.05367957889689543,-6.10456467860738,0.12822550628474322,-0.143684382948139,0.12285789334414468,469,51,f
G331.6+0.5,331.668548416667,0.585777770833333,0.234591843087291,0.1070604030559277,-3.47964690421916,0.16557717341888017,-0.473169965909185,0.162019049603207,68,9,f
G331.8+0.0,331.858823594595,0.00722718918918919,0.0711376201735237,0.05283450511592473,-4.2798398928164,0.3107608700395408,-0.339194656638217,0.1923455829927886,51,5," "
G332.2-0.0,332.255692806122,-0.0480354795918367,0.379112269039625,0.08464956533876387,-4.78356171266369,0.1642874496539667,-0.39447919503157,0.10444295398169408,140,30," "
G332.3+0.7,332.339632480769,0.714787701923077,0.3706373234709,0.045005188505511357,-3.83065731919375,0.07679195137578147,-0.147032667834777,0.08221020143040268,146,40," "
G332.9+0.7,332.97188595,0.77945505,0.32382353271779,0.20795314632165768,-3.59269089693974,0.11957487897805748,-0.642667979838537,0.4777968010490197,56,7," "
G333.3-0.3,333.382028089231,-0.315304433846154,0.17155793208755,0.07046857878034979,-4.542613375269,0.10382224208003228,-0.466375181445713,0.08594800691613988,463,75," "
G333.1-0.0,333.153531239437,-0.0469678169014085,0.083132911508675,0.06416247161083749,-2.13584644674916,0.5848796138692239,-1.8221467935031,0.29495992696058027,99,3,f
G333.6+0.3,333.693456965517,0.382723482758621,0.257522163610329,0.14710171425990973,-2.7015745513136,0.10723020696586028,-0.778644967704108,1.0402130149880415,41,6," "
G334.0+0.0,334.096923842105,0.0397786210526316,0.135044981442377,0.12476360381414772,-4.31670105786668,0.2719790438494799,-1.2580593813593,0.21682892155869823,133,12," "
G334.6+0.4,334.656177535714,0.465720214285714,0.14552769812535,0.1195358240997874,-4.17908146611238,0.5193159857481011,-0.216354137096817,0.2444144880343562,40,3,f
G334.6-0.0,334.678037972973,-0.0448583513513513,0.188420709559426,0.06653441006484079,-2.9739442444161,0.09995824216041292,-0.339653272801606,0.1678239594432023,51,6," "
G334.8+2.7,334.809270025,2.71278705,0.283240409224728,0.1562637506931382,-2.10252608395981,0.23352090644073442,0.0137194621103399,0.1614454467697631,56,14,f
G335.2-0.2,335.20784974026,-0.283509415584416,0.324875560630563,0.06894381065926238,-3.1604009330312,0.26779957807861654,-0.581910820813753,0.1634753972992346,220,20," "
G335.7+0.1,335.771132823529,0.180741911764706,0.0666204181344823,0.04968711317077929,-4.3258886844832,0.17591434421784577,0.0435723986376819,0.18014687287972986,46,4," "
G335.7+2.6,335.7701791875,2.61439615625,0.476830274997556,0.05933602842497706,-1.99967663967827,0.12139771661428911,-0.0325690708930217,0.09548835551617608,44,26," "
G336.0-2.6,336.001318310345,-2.61817382758621,0.817677860364912,0.05069516638313561,-3.17999581192892,0.09148711465993908,-2.97181700170877,0.08692832107144963,41,19,f
G336.2-1.0,336.249328647059,-1.05777520588235,0.751098564139962,0.060536562093126974,-2.43492054844099,0.12332133625845096,-3.80512137014612,0.1551329690467522,46,26," "
G336.4+0.0,336.449211982143,0.0270749642857143,0.302283236605629,0.08897408459539305,-2.34310948103284,0.24261269839136715,-1.06981814851851,0.12898325489806986,80,7," "
G337.0-0.0,337.089173590278,-0.0352137430555556,0.25514912313706,0.20458494811717254,-3.88869012696494,0.21250361816916385,-0.0330915788481721,0.32630873283711526,204,11," "
G337.0-0.9,337.022230818182,-0.909313,0.721620341061209,0.15127786073491412,-3.8069565248115,0.41942365579633795,-0.70122349522253,0.32514731487214166,92,23,f
G337.1-0.3,337.12980936,-0.37701668,0.575422364810395,0.14019858348357467,-1.69741870098255,0.19462519583476204,-3.43882814309705,0.17198872468547843,35,4,f
G337.8-0.2,337.819284694611,-0.201417281437126,0.396317517704913,0.044161931925308005,-3.95938088999961,0.12866168700554395,-0.887836412090125,0.09591506962930452,713,64," "
G338.4+0.0,338.434572019608,0.0460995196078431,0.204178377506005,0.07679398073648434,-5.67915662700754,0.5091418526792963,0.177805510805804,0.23114408486858137,144,17,f
G338.6-0.9,338.614483486487,-0.989187594594595,0.38962740054258,0.05618316854329821,-3.32936309102229,0.3414147414206879,-1.19840837497749,0.10114394093607258,51,10," "
G338.9+0.4,338.908368147368,0.485052242105263,0.207676064282151,0.053781093792852765,-3.83875241137842,0.0889258282888309,-0.403448859506273,0.19076240747601036,133,29," "
G339.1-0.4,339.179041852761,-0.409847938650307,0.346162290662049,0.057920193309699705,-3.72093921556392,0.08969005601182899,-0.311480725180362,0.1107961970805252,231,34," "
G339.4+0.0,339.452544772727,0.00380847727272727,0.213184441198367,0.06627229819458715,-4.06117189947099,0.10645814036428736,-0.445572174898979,0.10827340119293592,124,13,f
G339.9-1.0,339.925778447059,-1.04691396470588,0.376829496352352,0.19437724010395932,-3.2400678263997,0.21758238006285127,-3.22544674353254,0.09440892336158739,121,11,f
G340.2-0.1,340.231644901554,-0.199623222797927,0.34356385668607,0.04903311731394372,-4.06977836891003,0.08689755156908431,-0.481117577987378,0.2663337563352104,273,25," "
G340.8-0.1,340.813838241379,-0.123794379310345,,,,,,,,0,f
G340.7-1.9,340.772837122449,-1.93767879591837,0.975837587927817,0.06897063330122993,-2.95152447830554,0.10536964218875765,-1.29219287870077,0.09827671080025147,69,28," "
G340.8-1.0,340.839442401786,-1.01970327678571,0.332236396910009,0.05409570483755159,-1.90107837885781,0.09084961796101597,-0.855046079480127,0.09590772182352669,158,29," "
G341.1-0.3,341.1868421,-0.32352785,0.368387339850287,0.05139323789034985,-3.11426659803064,0.1337401865692982,-0.657066709978269,0.10806625100996754,112,11," "
G341.2+0.1,341.254735673077,0.148563711538462,0.0699999764829722,0.05201652307883433,-4.30533779998646,0.28172480049024295,-0.295641894911574,0.24255890679824307,74,5," "
G342.1+0.2,342.162571909677,0.201114093548387,0.34400457268165,0.04319673032696657,-2.73338377637214,0.1604158213965986,-0.677129944460784,0.11263792227483563,442,62," "
G343.3-0.1,343.37976625,-0.142314598484848,0.378858042588196,0.08016931175412238,-2.07517311829524,0.26439574489953604,-1.82403751556888,0.18609327447497118,186,18," "
G343.8-0.1,343.819680870968,-0.113977814516129,0.606712448393123,0.14560039140511588,-1.92098183883057,0.2225724179629484,-0.197556147940062,0.3615033330790102,176,15,f
G344.1-0.6,344.1494119875,-0.6171184,0.370542892831798,0.1335360612201816,-3.2411737229218,0.39645351312923965,-0.976211263598132,0.20129516204783585,114,8," "
G344.4+0.1,344.496520392857,0.169352,0.108323077640918,0.08875274861266441,-4.2122830859307,0.21494025574204428,0.931502304907932,0.47364374838615386,40,6,f
G345.0+1.5,345.000710153968,1.58997756349206,0.56398654257584,0.04081232085656274,-1.1203188086344,0.07429238498763949,-0.563584118855052,0.07412943808228258,900,412," "
G345.1-0.1,345.103132,-0.190157623853211,0.408082601444656,0.10160888955403832,-3.84032878761705,0.16789703904615277,0.0242336707832677,0.23338437602084416,155,5," "
G345.3+0.9,345.320105736486,0.987127662162162,0.652651941721762,0.05783699102913746,-1.65153308953631,0.13158159291083074,-0.463910258426164,0.12678183937451346,210,36," "
G345.2-0.8,345.28498209589,-0.895021698630137,0.394081855836405,0.05209972740731127,-2.52605860077662,0.10018045219160057,-0.424126273370642,0.08967323450344877,103,22," "
G345.5+0.2,345.500727583333,0.29714625,0.319387054752139,0.10839065461533626,-1.73531982802996,0.17957261402128988,-0.686358436319523,0.14021088918384095,32,5," "
G345.5-0.0,345.587124176471,-0.0310801764705882,0.568809121705397,0.20405385974232465,-1.96512320034348,0.259453099427959,-0.547940687902682,0.25649719158608836,46,7," "
G345.9-1.1,345.900077941177,-1.11172764705882,0.0646773532016038,0.04840443861448876,-3.86778537483262,0.727707424725924,0.573664857857839,0.5477846935064349,46,4," "
G346.2-0.0,346.263771483871,-0.0113810483870968,0.336117550725659,0.07444871428917982,-2.96773062562522,0.12806568061651888,-0.543707132116872,0.12008795160489066,88,11," "
G347.6+0.0,347.627676167742,0.0423754516129032,0.315459802760423,0.05125427953091722,-2.23805590719967,0.28681869079098876,-0.596796910282058,0.10965474488160891,221,33," "
G348.2+0.4,348.271057446809,0.434414673758865,0.553489496784469,0.05524606506433543,-2.36468707700797,0.08406403066794017,-0.655644429087816,0.09841645086011569,199,34," "
G348.7-0.9,348.732055245763,-0.917513245762712,0.370963512154992,0.04910187069997844,-3.01498669745152,0.13281478418687284,-0.519564366401234,0.08913572418917745,166,48," "
G349.0+0.0,349.086406953846,0.0755712153846154,0.330411987932492,0.058030450258933525,-3.25546955892595,0.32115079440771427,-0.342427949378001,0.11346983618182502,184,29," "
G349.6-1.1,349.635856461538,-1.10135469230769,0.540944444037947,0.05886607674392933,-1.91578186843267,0.11279732022628804,-0.319498726220697,0.25621865176288044,36,11," "
G350.0+0.0,350.030551781513,0.0625607394957983,0.222215676705681,0.12620217924066787,-3.20828166022742,0.29620178838558386,-0.342490385262425,0.19486155137724367,169,15,f
G350.0-1.1,350.063585912281,-1.17774866666667,0.467115349446476,0.06974817162301242,-0.577058868993543,0.47216491561939744,-0.251498305199489,0.13846127089225302,81,9,f
G350.2+1.3,350.243795515152,1.333039,0.712521180400595,0.17792155770593693,-1.34269780669347,0.31349879303358463,-0.863834039792624,0.1604825420289671,47,5," "
G350.5-0.4,350.55939336478,-0.481022663522013,0.288645810358427,0.05995005546733956,-1.90401859937141,0.15264514009535438,-0.243116893465607,0.08341844890128895,454,66," "
G350.6+0.9,350.689710661417,0.944992346456693,0.634677337396088,0.057158735511320585,-1.57324274181611,0.15074768447177953,-1.15841393951617,0.08943120252594995,181,24," "
G350.9+0.7,350.941957466667,0.707916466666667,0.523543161814146,0.08278320780521312,-1.03716024111866,0.1362280325037116,-0.883285645898392,0.1229695144526878,105,5," "
G351.2+0.6,351.232283767442,0.645061744186047,0.527551066406681,0.05074144565304175,-1.34312091414548,0.09688598548400758,-1.1425768181778,0.33683656663134975,59,13,f
G351.5+0.6,351.503097174419,0.645421906976744,0.605756254395066,0.10323036933095742,-1.47634811704716,0.17795066145163335,-0.266923771244121,0.17240506547584852,122,5,f
G351.5-0.4,351.551892545455,-0.411413,0.558418638655324,0.09489668208398021,-1.4675172438897,0.8616951017271934,-0.59507715193977,0.1313364761513571,47,3," "
G351.8+0.6,351.8131883,0.6328719,0.0692875660530972,0.052257795500965314,-3.26444873212731,1.6794139464909879,6.19218028982826,1.5400998959345409,42,1,f
G351.7-0.5,351.778919613636,-0.513057090909091,0.0664125734728494,0.05029628276262055,-1.76485798142312,0.5683451944416826,-0.687749665144762,0.6234774464946784,62,1,f
G352.0+0.7,352.085704685185,0.710941185185185,0.760708311767835,0.13915195066141098,-1.48133654837171,0.29794713355772134,-1.4313489376941,0.20756673940159884,76,4," "
G352.0-0.3,352.0360525,-0.303367181818182,0.642729970902123,0.06352957143399748,-1.4195994216288,0.39592965227242005,-1.11280666960344,0.14229605467798911,92,11," "
G352.1+0.3,352.160486851852,0.358182925925926,0.723213664278035,0.085801199190872,-1.93990644696318,0.20741277775758868,-0.530658286649375,0.4594305835897082,37,8," "
G352.2-0.1,352.203406836735,-0.112321306122449,0.445492215123096,0.4061246067573725,-11.0109380191787,0.21906745688970955,-2.48997547711487,0.26515989581383564,69,4,f
G352.5+0.7,352.501274903226,0.784828903225806,0.169002517957382,0.15617173422852873,-1.66980201152206,0.47301086292705413,-1.44592685423402,0.4792732177378395,43,4," "
G352.5-0.2,352.595433714286,-0.238518904761905,0.45734059339922,0.13482454197415453,-1.40296418016649,0.22071600236795647,-1.01691390884014,0.18576914720866833,58,4,f
G353.0+0.6,353.07760852459,0.614238016393443,0.478342656395311,0.0631787921420964,-2.16081451483182,0.16193824607552976,-0.254762113047654,0.2561726541472202,87,26," "
G353.1+0.8,353.136757705263,0.859082515789474,0.569835685076106,0.046209753976509386,-2.24361187906702,0.07716982993682175,-0.415631212271403,0.08774072826999443,135,45," "
G353.2+0.6,353.249733125,0.624638416666667,0.60381718409434,0.05107343941052402,-2.66350722451721,0.11195442137081156,-0.854537964386832,0.0935877435127736,34,12," "
G353.3-0.3,353.340498942857,-0.305835328571429,0.501665750584874,0.10387748186387456,-3.55134036767054,0.1221031554399437,-0.0120297421534306,0.1249851476624312,98,4,f
G353.4-0.0,353.407932433962,-0.0822897924528302,0.119035209093365,0.11006518384814054,-2.14950687410917,0.7729181382491132,0.19843041244402,0.7312640531954369,75,4," "
G353.9+0.2,353.911885816327,0.262276183673469,0.949024743517515,0.27893891909091206,-2.37076482285309,0.3411888957389169,0.58650168193396,0.38212510044401715,69,6," "
G354.1+0.0,354.17841456,0.08221576,0.679991343539692,0.11818572586830399,-2.07729403474039,0.17469578399245558,1.7854596986022,0.16975928345666658,35,2,f
G354.6+0.4,354.660465579365,0.406334507936508,0.573704464358158,0.10178066976220204,-1.140304242429,1.2227890485426258,-1.05062556263069,0.1877716793311225,180,12,f
G355.0+1.2,355.056964304348,1.2547795,0.788358048122874,0.05961441785847549,-0.440043766912215,0.11795421633421414,-2.11351098387481,0.12461285041887257,64,23," "
G355.5+0.0,355.540935759184,0.0538287673469388,0.825138793350875,0.04830872109208851,-0.0549706458718886,0.08781430207354778,-0.641860244972231,0.3670274870025182,349,63,f
G355.8+0.7,355.812183277778,0.734190944444444,0.937984004427003,0.05774581047622118,0.29997711298382,0.09747313528522977,-1.90098653349162,0.110150763391274,50,22," "
G356.4-0.0,356.487207153509,-0.0138326359649123,0.563084180497225,0.08804913536033,-2.82817641837688,1.041962239571308,0.0625694473142565,0.14521437389482386,324,25," "
G357.0+0.0,357.040963232558,0.0800866511627907,0.119485861939274,0.10394021273128201,-1.6573893868348,0.4869768499357568,-3.33586220717579,0.7208437860145028,59,5,f
G357.3-1.5,357.368767027778,-1.56351375,0.912889503615443,0.06763223802611394,-1.54568572309158,0.1072926378504343,-2.34127057430934,0.14272599941354164,50,14," "
G357.5-0.3,357.578257647059,-0.318597764705882,0.313235137343448,0.07258499899097208,-4.57273617403471,0.11253876928390959,-0.391913940963863,0.11487825735296595,48,2,f
G358.0-0.1,358.030746896552,-0.168631620689655,0.220432590989976,0.09084644798141592,-1.91672055845075,0.21342719187663087,-1.35653120163192,0.21395050402798982,41,3," "
G358.3-1.9,358.337585944828,-1.98283442068966,0.71117512443992,0.0432011558465485,-2.54879607354756,0.08630521579251149,0.273700058353558,0.08488257255995119,205,70," "
G358.3-0.4,358.328695238095,-0.461063666666667,0.914674405468261,0.23735747261048395,-1.46133237657047,0.2466383639249092,0.223016404443144,0.27632420617591286,89,2,f
G358.4-0.3,358.4974799375,-0.367542875,0.0867575601676457,0.07044823839291281,-5.99247961005175,3.0408554808654893,2.37165027473304,2.510181850707234,44,1,f
G358.6-0.7,358.6210132,-0.797853133333333,0.342042611525385,0.07352224424717944,-0.933716957676012,0.1142779390408497,-0.121196741779126,0.11196793525824125,63,1,f
G358.8-0.0,358.88592545614,-0.00803484210526316,0.570180142992265,0.0581884981287789,-1.55054633257036,0.12375439743834998,-0.323807825510448,0.8284553209805842,79,6,f
G359.3+0.3,359.38321475,0.316301666666667,0.538912875800698,0.056168760651121155,-0.01740764325471,0.11244495112618746,-0.841079553420565,0.1288589495102082,50,3,f
G359.9-0.4,359.984474916667,-0.461143125,0.0747082826850097,0.056828125448101445,-1.37628153198524,0.2478202747785893,-0.791147757447752,0.5630478852559143,32,4,f
G0.2-0.4,0.2266224140625,-0.4723484609375,0.368091942626334,0.07584469174224504,-2.06648770748781,0.5001313437601245,-2.28790785981194,0.12956743884054842,182,12," "
G0.2-0.1,0.278173845360826,-0.107602974226804,0.407321044158256,0.04303913358327077,-1.41948818131704,0.07475214623699801,-0.865176745395815,0.07937146806653633,3662,194,f
G0.4-0.6,0.49917205,-0.68215105,0.141524750058767,0.08759385966871545,-3.61881933719557,0.1948818820985773,-1.91304949219461,0.16394785503962073,84,6," "
G0.5-0.8,0.569220711538462,-0.862976961538461,0.394789587125023,0.09084926195945525,-2.46168476927299,0.315158985975128,-0.0236545481445072,0.3466219259186039,72,7," "
G0.6+0.6,0.686169791666667,0.647330541666667,0.700055073043902,0.15272651448821015,-0.281993221524982,0.1830493475780624,0.18725548623553,0.16556649365074086,32,2,f
G1.7-0.1,1.71798122580645,-0.129069602150538,0.287188858799784,0.2138195039762183,0.600831295601432,0.28382754165511437,0.304116737825997,0.23263817016092656,131,7," "
G2.2+0.2,2.26892518181818,0.238921272727273,,,,,,,,0,f
G2.6+0.1,2.62779762857143,0.172490628571429,0.803427421460953,0.05514369068437621,-1.31771383295814,0.08200014915324856,-1.2316121074871,0.09422190379256438,49,1,f
G2.9-0.0,2.9636386,-0.074060125,0.902792024260015,0.6473405470253858,-1.9134824859492,0.7090019024738301,0.38843379295402,0.4535991499955429,56,1,f
G3.5-0.0,3.52427263529412,-0.0886797647058823,0.368430856002737,0.10468000694005801,-0.49354423089215,0.21209195248911286,-0.37790417126414,0.19424659549183357,119,10," "
G4.1+0.0,4.18357880769231,0.00789919230769231,0.412287325335064,0.12526317530699,-0.747510401644505,0.3932822017168057,0.141343613990006,0.17521700862475348,72,8," "
G4.0-1.0,4.07381782666667,-1.00289021333333,0.822863724926135,0.06194456838123209,-0.815530818399115,0.16889377073299366,-2.81717849139609,0.13628645640482318,105,31," "
G4.8-0.0,4.81041626315789,-0.0160014,0.423484839102057,0.07897506796387939,-0.141685005902536,0.1538923850759374,-0.064131676562151,0.12766619736508128,133,6," "
G5.3+0.0,5.35242674468085,0.0745526382978723,0.0621914676685463,0.04694461634483891,-2.47338279209319,0.4681951084769091,0.36234840454904,0.25064886225224187,65,8,f
G5.4-0.2,5.485376875,-0.2619563125,0.383017795514743,0.07257161203382395,-1.76267661572241,0.13240276110816776,-0.522782438840527,0.31783960764763486,44,4,f
G5.9-0.9,5.92690143243243,-0.977616783783784,0.666877146042685,0.04501082038478331,-0.737581331052702,0.0881385170642362,-2.45728011589797,0.08223629399614703,51,18," "
G6.0-1.3,6.05652307142857,-1.34555609375,0.752425645807671,0.040855115023553226,-1.09071318052001,0.07678330572945559,-2.20560464884559,0.07550113338699657,320,193," "
G6.1-0.3,6.16391618820225,-0.361250994382022,0.399870382969884,0.05822234498840544,-0.804892363825531,0.08085640857635677,-0.607690729568944,0.08410500163221467,506,116,f
G6.6-1.5,6.66945085714286,-1.52515425,0.880041762474703,0.05873415255912012,-0.313787545375081,0.09917301462799843,-1.91037534396255,0.0980980743162303,38,17," "
G6.8-2.3,6.8915248372093,-2.350476,0.700772537552714,0.04930485987074222,-0.600239547671632,0.11398970021275055,-2.464033368977,0.15821326614918174,59,26," "
G6.9-0.2,6.97435398507463,-0.252412358208955,0.776537629841809,0.04611100427622828,-1.15714243146391,0.11347295627106244,-1.36146091607577,0.11716319522802783,93,23," "
G7.2-0.1,7.25414872727273,-0.137904318181818,0.321465551999701,0.07431856988682964,-1.60419489182765,0.20842941831370626,0.567760276553047,0.11446628569162037,62,6," "
G7.3-1.9,7.32254414473684,-1.99596081578947,0.839989026873931,0.04535467869749897,-0.308516699310571,0.08085829295635999,-2.32320480514268,0.08368948431462794,108,54," "
G7.4+0.6,7.403386,0.671191344827586,0.0751513665645497,0.05637811694447373,-7.38548891062469,0.974983188178849,-0.233410351618573,0.30794973672446985,41,7," "
G7.6-0.1,7.62245896296296,-0.116588407407407,0.0761771184822624,0.057976108652533956,-1.52699033626472,0.4384109627676134,-0.824773213625556,0.3551677604376694,37,4," "
G8.0-0.1,8.04411576923077,-0.171264711538462,0.180796508033943,0.08095532654908177,-2.08932484319692,0.15721554269644045,-0.252132003700148,0.15225355892262218,72,18," "
G8.4-0.2,8.4429851875,-0.2808988125,0.664702793008471,0.07370456616747458,-1.28256214342867,0.11822600457172922,-0.30877410645905,0.12421438824565244,90,5," "
G8.5-0.9,8.51695397916667,-0.996075854166667,0.769795276204913,0.04647486421553711,-0.530163917179592,0.09513984788709252,-2.01644162756126,0.19794276672723002,66,21," "
G8.5-0.6,8.52256835789474,-0.632642431578947,0.746754385946617,0.05587193137720055,-0.754889802840257,0.13201042501139834,-1.64308903682565,0.16906092699890757,133,19," "
G8.7-0.3,8.71957386842105,-0.380171157894737,0.699392322084286,0.12267297806179352,0.0417051317498342,0.20196254899962096,0.139943008911005,1.7311501207232614,52,3," "
G9.2-0.0,9.22924051612903,-0.0223095322580645,0.232860810771528,0.09813766446182307,-3.92284607514848,0.2611764996469869,-1.08651610277625,0.24091633815762536,86,12," "
G9.7-0.7,9.7733528030303,-0.782296734848485,0.307218509226956,0.056721183594174114,-1.87391825658789,0.21225060343641958,-0.743815225663587,0.09046661611176997,186,53," "
G10.1-0.1,10.1594943875969,-0.158817786821705,0.460258115244974,0.134144867405249,-1.47665221205586,1.0218903684760614,-1.10128956860221,0.11920871724633854,368,25," "
G10.3-0.8,10.3344124528302,-0.825688735849057,0.666683871931129,0.05758476507498795,-1.53736243685707,0.09181425014370148,-1.65369343763308,0.11555623071814816,75,29," "
G10.3+2.9,10.35399656,2.93620076,0.567420768131427,0.14987892973801797,-1.46017281596908,0.13867810433217423,-1.85690025937909,0.12179642390320679,35,9," "
G10.3+2.2,10.3985825416667,2.24777333333333,0.681727910230769,0.06957778394135938,-1.4592707100872,0.16308993685885198,-1.67987350826664,0.15237816806120874,102,21," "
G10.6-0.2,10.6713312857143,-0.274242885714286,0.758967798448309,0.09434225537094824,-0.0670012138773469,0.17486407783041755,-1.175404645518,0.17277384524644257,100,6," "
G10.8-2.4,10.8661837926829,-2.43110193292683,0.745555854793293,0.042733253053862726,-0.732920576874126,0.11239744551023921,-1.53336966470988,0.08277771693132369,234,102," "
G11.0-0.0,11.0856241923077,-0.0956053461538462,0.414375499978736,0.0846132878368179,-0.71777247767607,0.24793035054722923,-0.33197028535201,0.14596378222289608,74,7," "
G11.9-0.6,11.912432125,-0.606418875,0.416128202786913,0.0879939123720948,-0.441795312508299,0.33398283778027227,-0.933244770801836,0.7252018737401047,34,4," "
G11.9+0.7,11.9003671714286,0.709024857142857,0.07057269567838,0.052902488066767187,-0.894987970408991,0.2476978148893294,-1.00287702658782,0.33061438690223427,49,9,f
G11.9-0.1,11.9859441818182,-0.153941409090909,0.297509450503761,0.05134479677352318,-1.74791738518773,0.09123849442285957,-0.71829226964286,0.08427930756453964,62,7," "
G12.3+0.4,12.3974438518519,0.495948259259259,0.66367676800104,0.09511311113253045,-0.813145113353815,0.19441060876767502,-1.38887508539159,0.2017041339826491,37,11," "
G12.7+0.4,12.7794205125,0.417228675,0.586924116171299,0.09722962326116567,-0.714539396311017,0.21410764041466104,-0.944262032598575,0.2395781521486696,114,15," "
G12.9-0.1,12.9537111810345,-0.158992017241379,0.511383264372717,0.07434195218140129,-1.56517128004217,0.12544354198183316,-0.384931640985324,0.12026019750616528,496,44," "
G13.3+0.1,13.3375343214286,0.1901195,0.276479691031404,0.15936819644347688,-1.48655942199494,0.2125005958314132,-1.27868958116732,0.18531888216881956,38,13," "
G13.3-0.3,13.3104074680851,-0.322751510638298,0.447736143109703,0.08964644332404617,-1.25624354473952,0.13043717061423427,-1.98355778779813,0.4442582450013374,67,10," "
G13.8+0.2,13.8342187777778,0.222941925925926,0.570670283330307,0.07959021755003337,-1.22432252263003,0.2644537003628562,-0.663947014338363,0.12329710370159211,37,6," "
G14.1-0.5,14.16800252,-0.532713618947368,0.602747881808774,0.04483154076832256,-1.36787887055653,0.08582985662782465,-1.11765136699757,0.14235329073578296,677,92," "
G14.5-0.1,14.556735080402,-0.112524783919598,0.503054139917345,0.04841066792635138,-0.992719759149476,0.11478854128224084,-0.604251625460092,0.09684116146423916,283,29," "
G15.1-0.5,15.1059658648649,-0.592790621621622,0.540556194196249,0.05346106337520637,-1.42837869554476,0.09963828980859249,-0.477933030209659,0.1912190814239807,104,15," "
G15.6-0.3,15.6056306481481,-0.341073148148148,0.595035168294811,0.052419059933502515,-1.58036821766723,0.11625642048473069,-1.07782721661077,0.0993534796549701,76,17," "
G16.6-0.1,16.6288592440945,-0.194247913385827,0.373120129763591,0.06441353698470029,-1.53173795841268,0.16838805026295994,-0.234649537675074,0.11776942618924084,362,62," "
G16.9+0.8,16.9674187571429,0.80898425,0.567747460417257,0.04473563529816073,-1.21936642756082,0.08155461033079546,-0.888683542776721,0.0785610158990054,198,85," "
G17.1+0.8,17.1971492258065,0.810284467741936,0.117325040513645,0.11096881914153545,-0.646565983365807,0.9850331101939137,0.228717303041649,0.9627565352296737,86,5,f
G17.6+0.1,17.6144371891892,0.174514486486486,0.601867296836385,0.11235424969015452,-0.932885988825088,0.2893721434704873,-0.330609520453176,0.16886687565463562,51,5," "
G18.0+0.2,18.0937150517241,0.222125206896552,0.561185675376257,0.06952325631782752,-0.415508148594724,0.266472606424391,-0.54042232434346,0.345220839073997,82,9," "
G18.2-0.3,18.23496684,-0.30970248,0.0688540686602225,0.051351885005678256,-1.51564385384998,0.31877635641859464,-0.259452152656433,0.2046901736574218,142,19," "
G18.4+1.9,18.4500731651032,1.91373160037523,0.460871206369732,0.04096852454359598,-2.06729939496563,0.07401076899381369,-0.559905831115535,0.07424912234598186,759,363," "
G18.6-0.0,18.6131145833333,-0.0549668333333333,0.617426152513134,0.17562337859768157,-1.73368424202743,0.21460464204813598,-0.187786946297507,0.4068007095255883,32,8," "
G18.9-0.1,18.972595505618,-0.149114865168539,0.44060594475784,0.059697610643909535,-1.38920490791694,0.33625721760909033,-0.330739167115793,0.15967752345662423,125,19," "
G19.5-0.0,19.5395518333333,-0.0982874791666667,0.274812043207482,0.056788381767749405,-2.95084669424262,0.10918852112797595,-0.407685223684188,0.13159435977299327,66,6," "
G19.8-0.5,19.856520627907,-0.517910302325581,0.445548558110016,0.13085689081708232,-1.22410531661096,0.2123728074390677,-0.890465385880047,0.17362341806755388,61,12,f
G20.6-0.0,20.6675287868852,-0.0420538524590164,0.196165626693479,0.10617100788154028,-3.57719645044599,0.40641848340314557,-0.482994136895259,0.14853071287912067,87,10," "
G21.4-0.5,21.4016765909091,-0.592540227272727,0.14891432145857,0.11389707782529841,-1.84365622812389,0.3502882264544442,0.225232469556148,0.3983595594232918,30,5," "
G21.5-0.1,21.5521476129032,-0.121637080645161,0.142321782023183,0.09006536126280859,-3.32203263750856,0.3428791998419078,-0.246840759083582,0.12103233744865485,88,7," "
G22.6-0.1,22.6105755,-0.17995534,0.144635825942163,0.06776395141337531,-4.55640905919517,0.2463992620573381,-0.605597581291453,0.09957822875390095,70,4," "
G23.1+0.5,23.10309632,0.56029344,0.578345346398893,0.07746358536039526,-1.35557850739988,0.16469226980310342,-1.37609055057974,0.12000028068295732,33,10," "
G23.3-0.1,23.3319087671233,-0.142851934931507,0.358635529708439,0.061946056662927615,-1.7647509246985,0.19034548610978383,-0.391524500928184,0.7348489931964307,416,24,f
G24.5+0.0,24.5120401465116,0.0011867,0.37290102895837,0.05146680246561514,-1.97012796913259,0.09466710098100765,-0.629943407074374,0.10455012966585356,614,41," "
G25.2+0.2,25.2113507040816,0.256537428571429,0.35610981455032,0.045777047475568614,-2.0095436295165,0.08181834095041678,-0.823483439898248,0.07910160486328133,140,42," "
G25.5-0.0,25.5667902,-0.0909652272727273,0.105360271491068,0.0771264868463288,-2.85116107112433,0.16801655654760853,-0.319112180772748,0.1947961522276479,156,17," "
G25.7+1.0,25.7019100322581,1.03777958064516,0.614051887918237,0.1202197953118682,-2.18669125709323,0.1890778091472818,-0.468523571185835,0.1856216018276982,43,7," "
G26.2+1.4,26.2858466056338,1.47278523943662,0.338287560510214,0.07032386832897512,-2.33285308401525,0.15610523559448275,-1.0398342868718,0.11233889039775168,99,11," "
G26.4-0.0,26.4730189830508,-0.031039,0.0664431014431236,0.04963829466733372,-4.6098360396884,0.26618083287261324,-0.0442916511417383,0.2062364156466479,83,12," "
G27.2+0.0,27.2657079245283,0.0421450094339623,0.206529087494717,0.08728956063052727,-4.13553144863125,0.42760406158383935,-0.115936471008359,0.10583262922929051,150,28," "
G28.4+0.0,28.4776760716724,6.20866894197952E-4,0.274715484424948,0.04682862994717892,-2.72997971921773,0.12294510962865501,-0.64851407481245,0.09570059246074351,417,59," "
G29.1-0.1,29.18499475,-0.1509613125,0.0728055407845607,0.05560057373323163,-2.22546433399396,0.588182442608463,-1.09008128892724,0.5022992797623399,44,1,f
G29.9+2.2,29.919886,2.262158,0.383963379778299,0.07373635767429101,-5.63300296612494,0.14970238117449655,-0.219435042679012,0.12657140741379144,152,36,f
G30.4+0.3,30.4659954090909,0.395315318181818,0.301631041218128,0.1929834815812431,-2.22780674982621,0.18428943351384364,-0.250386793937627,0.1680799866905563,30,9," "
G30.7-0.0,30.755868979975,-0.0449805594493116,0.232947962900559,0.05353688327147501,-3.57707878596385,0.2150212460796562,-0.383422311522211,0.09061346293055192,1139,105,f
G33.2-0.0,33.2456407938931,-0.0208130648854962,0.186069662253878,0.06434726154506706,-4.49060886037511,0.10662245189706078,-0.328746523592364,0.11695970189506538,374,58," "
G34.0-0.3,34.0577943142857,-0.3084056,1.62557494573931,0.0699218962606791,-5.00751965619827,0.1544456910496779,-4.25944153545699,0.12351455699855368,49,13," "
G34.4+0.0,34.4477122376238,0.078753702970297,0.157200491862789,0.14148031685019918,-2.98533339187469,0.6396104546161859,-0.16462514970542,0.38986376436560277,288,8," "
G34.7-0.6,34.73150932,-0.64533444,0.331158993093205,0.15572218077946423,-2.1936816102587,0.23448957819020289,-2.10151556287015,0.9518661752248957,70,2,f
G34.8+0.4,34.815544625,0.40242,0.107558542959737,0.09520286007778403,-3.35761852398663,0.7773808760392146,-0.721875342592373,0.5004069665344416,32,1,f
G35.2+0.8,35.2090887575758,0.886710424242424,1.66170562711987,0.057329980532538946,-4.71546918346699,0.09544660816413826,-4.18968372279509,0.08996460742894895,47,9,f
G35.2-0.7,35.2683396585366,-0.776828195121951,0.32141544439822,0.07585413265416742,-2.25099125602115,0.14660408500141286,-0.673397845939951,0.24564222041213013,232,22," "
G35.6-0.0,35.6011547217391,-0.0209675304347826,0.448537428896201,0.07387545647154038,-2.349058023235,0.30288606297098447,-0.421306779103564,0.20873210784531407,328,33," "
G36.7-0.0,36.7203141981982,-0.0852880990990991,0.17726915133679,0.16506863862655602,-3.36486011931363,0.25585754331675364,-0.0113706494516951,0.1930267192761623,157,7," "
G37.4+0.1,37.4906180617284,0.107878592592593,0.236266454080594,0.17679536577322513,-2.75438737478802,0.6340377450224781,-0.452823595651232,0.24120101584476247,115,9," "
G37.8-0.3,37.8709825833333,-0.363679291666667,0.0723751095943366,0.05562178904406242,0.906898977888235,1.844682561962832,-2.14986318425733,1.859272596949594,32,2,f
G38.1-0.1,38.186084030303,-0.147400090909091,,,,,,,,0,f
G38.3-0.9,38.3608658214286,-0.928390785714286,0.914879611999246,0.10657531322163989,-2.90014869822387,0.1976591115296932,-0.985311518111913,0.14816081861216981,40,10," "
G38.8-0.4,38.8995302752294,-0.436016467889908,0.0720546113284248,0.05436410207465205,-4.25482854920919,0.3584035775819453,-1.49739299135359,0.2545194253956366,155,11,f
G38.9+0.3,38.9378704242424,0.321172090909091,0.0765419065978796,0.05888991759963398,-7.29095162784424,1.5016515840931315,-1.08407606881173,0.5237926796851815,45,3,f
G39.4-0.2,39.4233695573771,-0.267214721311475,0.13970666224468,0.13877838086754068,-4.38628658290193,0.5604163335103475,0.917545483339092,0.4981013242433978,87,4,f
G39.5-0.9,39.5493123939394,-0.971906151515151,0.0603687464440939,0.045872579530354785,-3.35243846820031,0.2031936854312955,-0.596216076511943,0.14633377556350685,45,10," "
G39.8-0.3,39.893281826087,-0.368337956521739,0.0692128086622081,0.05271053262958056,-5.07664762089245,0.9901518198207404,-0.401524355277345,0.8210372898778951,31,1,f
G40.8-0.1,40.8719081693989,-0.149115109289617,0.266611934256032,0.14155946367654584,-4.40246100262546,0.30224631575782795,-0.492430432425834,0.2267784151532758,261,18," "
G41.8-0.0,41.8995106730769,-0.0582040769230769,0.10561536851396,0.08446173851938331,-4.06864953656637,0.23044447432680615,-0.415915800589147,0.17948367895782152,72,8,f
G42.1-0.5,42.1698358709677,-0.595760903225806,0.104567661169652,0.09039211861299012,-2.38108701352023,0.3609515112814892,-0.536769807165655,0.3340211672333858,43,2,f
G42.6-0.1,42.6472535897436,-0.128041102564103,0.0818791069872881,0.06539403750053588,-2.79770642354184,1.5050674029579407,1.09796673720094,1.477918861490158,55,1,f
G43.1-0.0,43.1472733333333,-0.0436132666666667,0.12380081409419,0.11779427823724661,-3.29529822567473,0.6440230816797591,0.435677252470771,0.601514706569598,63,2,f
G44.1+0.0,44.1250404646465,0.0473505757575758,0.419605616539094,0.06615938447948556,-3.52042627638715,0.2080727683713539,-1.10387602334495,0.09845820895706928,139,7," "
G44.8-0.6,44.8311367606838,-0.609009222222222,0.51655445404084,0.05478764808147877,-4.88540155847579,0.11981280255663887,0.264274422177854,0.2208969398406329,167,19," "
G45.4+0.0,45.4852380555556,0.0498940277777778,0.0778770314856196,0.05754139519917097,-5.77833398179133,0.13551715439545287,-0.812585073874145,0.12731747868787247,50,6," "
G45.8-0.4,45.8542740892857,-0.418563178571429,0.712381266530345,0.13763706244419097,-12.5711866905084,0.21080828335430907,1.17578185494439,0.17241470432327918,78,1,f
G46.0+0.2,46.05612175,0.260682642857143,0.643708034412422,0.3636427478270504,-8.42939085193716,0.9841275269220526,-2.21667195543635,1.059642698539441,38,2,f
G46.3-0.1,46.3902926,-0.177028169230769,0.0842723754562413,0.06543705411866309,-4.93668124829655,0.32069450091014595,0.140466215811666,0.31070016580794524,91,8,f
G46.9+0.2,46.9619622063492,0.299232904761905,0.0661623892795141,0.04831480000267939,-5.68415952951637,0.3812650073838316,-0.291028383903398,0.14638770433510245,89,12," "
G46.9-0.3,46.96643215625,-0.33023065625,0.438500415524668,0.0454152035153787,-5.04015919965816,0.22545688557503488,-1.02320153690832,0.08027589420151492,44,8," "
G48.6+0.1,48.643610852459,0.189178114754098,0.0571742776002415,0.04373647684668619,-5.11911731059965,0.18416016219734885,-0.173654452793166,0.09688895046724427,87,9,f
G48.9-0.3,48.9914183076923,-0.323063211538462,0.194466517952126,0.13922479472689137,-6.81914047753585,0.13375269464820116,-0.521934453955954,0.11253139911199683,146,14," "
G49.4-0.9,49.49040984375,-0.91703334375,0.0663431221252048,0.049920556072958505,-5.3653043442855,0.7483602725388968,-0.0345847931920572,0.4600814074252811,44,4," "
G49.4-0.0,49.4205400689655,-0.019316275862069,0.0561223670436181,0.043691368496062366,-5.60694585667583,0.23159349072680754,0.185852097546503,0.19133087883718075,39,4,f
G49.4-0.3,49.4897160285714,-0.396057614285714,0.0983416888545937,0.07663379143688688,-6.56526196652726,0.6240004008004257,-0.676722233141762,0.2282921730269584,100,6,f
G50.0+0.2,50.0387111559633,0.219951743119266,0.197148109484769,0.07615549209128732,-5.56159199017078,0.18883378086847308,-0.435781084663943,0.1270494781622851,155,16," "
G50.3-0.4,50.3252685744681,-0.437260595744681,0.0731714648030949,0.054910126258732095,-4.48867578109124,0.3792130438376105,-0.358451767170502,0.36666240206005324,67,11," "
G50.9+0.1,50.9015432790698,0.119341046511628,0.305879609178126,0.048856778054049865,-6.85497498409603,0.08448190965203223,-0.024501349925143,0.07989656677244525,59,6," "
G51.3-0.0,51.3724579090909,-0.00439106060606061,0.163296351053601,0.14826183206591537,-6.11412185828309,0.2996008023878871,-0.94901220760312,0.24936525758188172,47,4," "
G51.5-0.8,51.5259978809524,-0.884074380952381,0.0899465878004385,0.07165902013156376,-5.934215342945,0.38619891547320273,-0.423418984761406,0.21853488133857496,60,7," "
G52.0+0.3,52.0181355789474,0.351357684210526,0.301529776922027,0.06302967091206518,-5.76084344941899,0.1427202907668432,-0.302663753556711,0.09725219226899208,54,15," "
G52.1+0.7,52.1717885454545,0.719515318181818,0.18480382530513,0.18160410433224314,-6.72755464470912,0.5536506052423111,-0.179250671346903,0.3721336117783047,30,4," "
G52.3-0.5,52.3500793529412,-0.583316147058824,0.117499774758555,0.0953358987631015,-5.8663947969847,0.29830724935688846,-0.524824393114104,0.2059639723418185,48,5," "
G52.5-0.9,52.5701010882353,-0.958565088235294,0.109610166803423,0.09085629790610485,-5.84289695349834,0.32326505332634115,-0.0676951764743491,0.2386533028813258,48,8," "
G52.8-0.6,52.8933938780488,-0.695479658536585,0.266821918804927,0.06993053823793217,-5.62946421599936,0.11575894903807907,-0.764515795873854,0.10899680766782052,57,5," "
G53.1+0.0,53.1723417293233,0.0618551503759398,0.806571595366318,0.04236973146385006,-5.1119137662879,0.09578754130546394,-1.42919317271717,0.0894603727836217,189,66," "
G53.6+0.0,53.6695235462963,0.0400657037037037,0.788272862095661,0.047041794883188125,-5.11479356222482,0.07781303235200711,-1.91789313164321,0.07760836534066275,152,57," "
G54.5+0.9,54.5062550322581,0.901210258064516,0.0769126160611313,0.05640337655500773,-5.92494434530875,0.15835652368288225,-0.110670609826223,0.09491184096030576,43,15,f
G55.8-0.0,55.843229898374,-0.0409845569105691,0.303005155113022,0.044545829458558894,-6.00574454109762,0.0758368860374255,-0.452260410350007,0.07876251770994024,350,69," "
G57.1-0.2,57.1252342142857,-0.239627928571429,0.0828421266622196,0.06444375390706794,-6.07979526901314,0.2805276684262477,-0.850165034382447,0.20282613834180344,100,14," "
G57.5+0.2,57.5516255,0.210181142857143,1.33223061835794,0.14597380344765024,-4.91758713233069,0.13279434992191388,-4.24035786826121,0.1610572460925414,38,7,f
G58.5+0.5,58.5050937102804,0.555505327102804,0.452170365273838,0.05736162635658201,-4.94947500812356,0.18597623862720322,-0.840537172566377,0.11878016268527644,151,23," "
G59.5-0.0,59.558345173028,-0.096626679389313,0.438144771051691,0.0409202611316075,-5.43025673124061,0.07228336708153264,-1.09311933708488,0.07121463694354922,561,216," "
G60.7-0.7,60.758104372093,-0.723389255813954,0.420765537580975,0.09275904631305863,-5.39692950293547,0.19789338060991243,-0.636797223920891,0.2575359431539645,61,16," "
G60.8-0.1,60.8781534901961,-0.136012470588235,0.469441629672302,0.04268393259026869,-4.75844258299723,0.0823579695221135,-1.02849024304882,0.07827813246977265,71,42," "
G61.6+0.2,61.64067966,0.23418968,0.416239792039577,0.06076409702365987,-5.08815973729745,0.21246458386573414,-0.985380647313238,0.11525084407864672,142,49," "
G62.3+0.2,62.3767990833333,0.264222,0.062566304513652,0.047280498409407935,-3.94249747089965,0.35479017354352566,0.76226826200572,0.42879029588508677,32,5,f
G62.9-0.3,62.9776914230769,-0.370616,0.209607522112604,0.14889785676765352,-7.24310118605634,0.2857326323069476,-0.62126787961467,0.16939251577777525,36,4," "
G63.1+0.3,63.1181772680412,0.319650721649485,0.166501064897014,0.044005999675177467,-6.67208503376838,0.09299235580339678,-0.302258906468187,0.08874755106363949,137,45," "
G64.3+0.0,64.3532650952381,0.00530346031746032,0.259523451842432,0.06870844128510195,-6.25378958248917,0.13342247850515349,-0.550628368075464,0.1108317240485234,180,50," "
G76.0+0.1,76.0368691639344,0.188173092896175,0.576425806165273,0.0982490393342185,-6.16120445268479,0.17568482198297597,-0.529033095062106,0.08454659203342216,259,43," "
G76.3-0.5,76.36696109375,-0.593706875,0.738969418665776,0.10047426276986865,-5.28142846949596,0.15991149959370918,-0.825377829303785,0.18030253738088559,44,8," "
G76.9+0.4,76.983210030303,0.498202606060606,0.963081788189743,0.050031426474525624,-4.13932719272526,0.09392183718825164,-0.988181944903603,0.0879118352039331,47,12," "
G76.9+1.9,76.9728904470588,1.98487717647059,0.572907522164413,0.047853020751368366,-6.23643723115139,0.08187205886100483,0.0715708461602537,0.07561038334681605,121,70," "
G77.8+1.0,77.8343723191489,1.00468838297872,0.569917687742851,0.04621454023082276,-5.35592845904793,0.08776442064034283,-0.682144375449647,0.07890432894726125,728,282,f
G77.9-1.2,77.9085710555556,-1.22744727777778,0.904010820519037,0.05843713610376919,-4.43161275707785,0.23840222515862092,-0.964322204592103,0.3515035496763281,76,17," "
G77.9+1.6,77.92164808,1.67014244,0.156194598119701,0.12262867215375042,-5.34319568413739,0.21699411440555214,0.196028694305344,0.22276301498361722,35,8," "
G78.1-0.6,78.1345440740741,-0.612238962962963,0.952428137344827,0.04595604446259228,-4.40298325700487,0.07756802974014677,-0.685705208110789,0.07972524318412119,37,3,f
G78.1-0.3,78.1735064166667,-0.356782444444444,0.333865488002054,0.3049461985464052,-4.76928184900231,0.3227957838917457,-0.677511720735239,0.39899427889544314,50,7," "
G78.5+2.6,78.5603827344633,2.69373339548023,0.937438225431113,0.041124627036874944,-6.37067984643518,0.10755315531700435,-1.38960242734912,0.07816785652985213,251,140," "
G78.6+0.2,78.67603396,0.20405532,0.671912233731848,0.150501097516244,-6.35934437444559,0.34701739346194493,-1.171766453229,0.25830747787535924,33,3," "
G78.9+3.6,78.9722035057471,3.62233159770115,0.577921321005598,0.04479939151329673,-5.59100829418056,0.07662797339042941,0.706498507161727,0.08146402784068801,123,88," "
G79.0+2.0,79.0682546,2.0520059,0.79813956929588,0.07477567898490323,-3.89453542869855,0.22419879856635877,0.00495224815546921,0.12601445223109994,42,11," "
G79.0+0.8,79.0719900598291,0.852244709401709,0.499786082583135,0.05662515090432851,-4.75745734160171,0.13407639601683166,-1.06860251705203,0.09008646781338606,167,70," "
G79.3+0.3,79.3062753059701,0.364956768656716,0.986437405528709,0.047084794030266504,-4.06150861562428,0.08167479246700263,-1.12882816104309,0.1006908562815204,190,53," "
G79.3-0.0,79.3024415172414,-0.0610484482758621,0.795239877429912,0.08513595561577153,-5.0565665461798,1.0235283386543124,-1.00396363009154,0.23002745598978483,39,8," "
G79.4-0.5,79.4317770898876,-0.555755921348315,0.636296628701351,0.09154644703269998,-4.26635184401798,0.14944418535107004,-0.794782752720057,0.12691606425914773,125,15," "
G79.9-1.4,79.9189306607143,-1.49060883928571,1.00279071074332,0.04575799822259035,-3.35346611646859,0.09380813504614925,-0.602745199032913,0.08186615300643002,80,29," "
G80.0+0.7,80.0328980805755,0.754819388489209,0.566640656531416,0.04126416846837681,-5.09954358590231,0.07409440379906904,-0.546027487279299,0.074047584206281,991,365," "
G80.0+2.7,80.0653929368421,2.70585878947368,1.03127373492692,0.04483936127621918,-6.44144444660486,0.08370496956719803,-1.42065259472964,0.08248173943408438,133,50," "
G80.8+0.5,80.805138,0.586502,0.272837214052863,0.20801139401203983,-3.77295392044801,0.5394878887165351,0.0165093686753078,0.38034185276759974,38,5,f
G81.0-0.1,81.0065649673203,-0.148892431372549,0.431567643647142,0.2911572801213539,-4.65182459481347,0.323928352183156,-1.4042056430414,0.31732251242011134,217,9," "
G81.2+2.1,81.27537664,2.13540044,0.537738508909418,0.08297127075626677,-5.27576954629172,0.16242858483847356,-0.0148880634065936,0.09152394201622226,33,24," "
G81.4+0.6,81.4484794333333,0.679033216666667,0.622416857054319,0.05023502117254994,-4.3481088928566,0.08421236520481987,-0.686375292467731,0.0948340680475698,84,14," "
G81.3+1.0,81.3756469066667,1.04786552666667,0.625638400595171,0.07446921022094155,-4.13137479984026,0.11888061397260234,-0.143679840130264,0.12829007528953823,214,26," "
G81.6+0.5,81.6565566914894,0.524174606382979,0.727846514341436,0.04657486810048982,-4.12725858905057,0.10299282198306711,-0.160585571816263,0.3133519491655826,132,15," "
G81.5+0.0,81.5719067936508,0.0731690634920635,0.609256371632285,0.06778539553859082,-4.22366419079025,0.13847557495552584,0.0914872916407119,0.12105721445505029,178,18," "
G81.6+1.4,81.6992578387097,1.49108848387097,0.56264904275479,0.07663432514897511,-4.87307747006545,0.13837267014598004,-1.15170928679237,0.1286150291203877,43,9," "
G81.8+0.8,81.8509937142857,0.849282457142857,0.597783848824351,0.07991884773336955,-4.38281821730852,0.13711402717650756,-0.729394499873859,0.16278256271340513,100,8," "
G82.2+0.7,82.2964045384615,0.775158358974359,0.614261555324223,0.048100943824646386,-4.50402897713189,0.0832578311856884,-0.214433578195433,0.08265690573414419,55,25," "
G82.5+0.4,82.5365331363636,0.402179863636364,0.0949830240696907,0.07990465507692532,-4.34754447787681,0.5762219982740153,-0.0944015376829909,0.6463836529724993,30,5," "
G82.5+0.1,82.5775244126984,0.141428428571429,1.10614945260473,0.14295218151358005,-3.15240770562449,0.18899006498199486,-0.525868445046025,0.3104170612161444,89,16," "
G103.4+2.0,103.438712208333,2.0287919375,0.444050218008825,0.04343080858712879,-4.81906220863978,0.10885778213818945,-0.37832898656759,0.07641100425441058,204,73," "
G104.5+2.7,104.518695842105,2.77928702631579,0.0886294521194542,0.05101318616117951,-2.69197069995238,0.09830856872165665,-0.205255034810893,0.16061530556246634,52,19," "
G104.5+1.2,104.531100242857,1.27233625714286,0.446914795734884,0.04255779462449102,-4.79365019466193,0.07679048561348853,-0.314550311827804,0.09083439408086781,100,54," "
G104.6+0.3,104.634785405797,0.353248507246377,0.18869909789008,0.06832865219758796,-2.99065431150643,0.10597899318581551,-0.150706776371776,0.10266015781772733,97,15," "
G105.6+0.2,105.636517026549,0.270446637168142,0.165108069272088,0.049620570604570195,-3.73880623242265,0.13883302207136936,-0.132940769817832,0.10166337275965469,159,55," "
G106.5+0.9,106.512218791667,0.981907333333333,0.294953390563646,0.09466826544452363,-1.87822124232557,0.22876756817487526,-0.34042750150745,0.13823024017451593,66,12," "
G108.3+0.2,108.389905006623,0.29649061589404,0.285750623116317,0.0544378776270307,-3.66815568523293,0.13125217703445674,-0.502795962842556,0.09972974639907098,215,63," "
G108.7+2.3,108.779197371429,2.34582095714286,1.12712209209795,0.04795757883984685,-1.81680170156653,0.09037803641373153,-2.34155130485471,0.08123598961122219,100,60," "
G110.0+0.1,110.085694625,0.171607,0.264849984533031,0.05293846972052799,-3.6290207329144,0.09195635818109173,-0.963002791586,0.0890677724559645,68,22," "
