sp,Name,OName,n,RAJ2000,DEJ2000,ObsDate,MJD,TexpUVB,TexpVIS,TexpNIR,S_NUVB,S_NVIS,S_NNIR,Lup,SimbadName,SpT,Teff,AV,Dist,L_,e_L_,R_,e_R_,M_,E_M_,e_M_,l_Age,Age,Note,Temp,BJobs,BJi,logLacc,Veil,logdMacc,L_Lacc,WHa,Bmag,e_Bmag,Vmag,u_Vmag,e_Vmag,Rmag,e_Rmag,Imag,e_Imag,Zmag,e_Zmag,Jmag,e_Jmag,Hmag,e_Hmag,Kmag,e_Kmag,l_F3.4,F3.4,e_F3.4,l_F3.6,F3.6,e_F3.6,l_F4.5,F4.5,e_F4.5,l_F4.6,F4.6,e_F4.6,l_F5.8,F5.8,e_F5.8,l_F8.0,F8.0,u_F8.0,e_F8.0,l_F12.8,F12.8,e_F12.8,l_F22.4,F22.4,e_F22.4,l_F24,F24,u_F24,e_F24,l_F70,F70,e_F70,SName,F_Ha_,e_F_Ha_,W_Ha_,e_W_Ha_,F_Hb_,e_F_Hb_,W_Hb_,e_W_Hb_,F_Hg_,e_F_Hg_,W_Hg_,e_W_Hg_,F_Hd_,e_F_Hd_,W_Hd_,e_W_Hd_,F_He_,f_F_He_,e_F_He_,W_He_,e_W_He_,F_H8_,e_F_H8_,W_H8_,e_W_H8_,F_H9_,e_F_H9_,W_H9_,e_W_H9_,l_F_H10_,F_H10_,e_F_H10_,W_H10_,e_W_H10_,l_F_H11_,F_H11_,e_F_H11_,W_H11_,e_W_H11_,l_F_H12_,F_H12_,e_F_H12_,W_H12_,e_W_H12_,l_F_H13_,F_H13_,e_F_H13_,W_H13_,e_W_H13_,l_F_H14_,F_H14_,e_F_H14_,W_H14_,e_W_H14_,l_F_H15_,F_H15_,e_F_H15_,W_H15_,e_W_H15_,l_F_Pab_,F_Pab_,e_F_Pab_,W_Pab_,e_W_Pab_,l_F_Pag_,F_Pag_,e_F_Pag_,W_Pag_,e_W_Pag_,l_F_Pad_,F_Pad_,e_F_Pad_,W_Pad_,e_W_Pad_,l_F_Pa8_,F_Pa8_,e_F_Pa8_,W_Pa8_,e_W_Pa8_,l_F_Pa9_,F_Pa9_,e_F_Pa9_,W_Pa9_,e_W_Pa9_,l_F_Pa10_,F_Pa10_,e_F_Pa10_,W_Pa10_,e_W_Pa10_,l_F_Brg_,F_Brg_,e_F_Brg_,W_Brg_,e_W_Brg_,l_F_Br8_,F_Br8_,e_F_Br8_,W_Br8_,e_W_Br8_,l_F_HeI_1,F_HeI_1,e_F_HeI_1,W_HeI_1,e_W_HeI_1,l_F_HeI_2,F_HeI_2,e_F_HeI_2,W_HeI_2,e_W_HeI_2,l_F_HeI_3,F_HeI_3,e_F_HeI_3,W_HeI_3,e_W_HeI_3,l_F_HeI_4,F_HeI_4,e_F_HeI_4,W_HeI_4,e_W_HeI_4,F_HeI_5,e_F_HeI_5,W_HeI_5,e_W_HeI_5,l_F_HeI_6,F_HeI_6,e_F_HeI_6,W_HeI_6,e_W_HeI_6,l_F_HeI_7,F_HeI_7,e_F_HeI_7,W_HeI_7,e_W_HeI_7,l_F_HeI_8,F_HeI_8,e_F_HeI_8,W_HeI_8,e_W_HeI_8,l_F_HeI_9,F_HeI_9,e_F_HeI_9,W_HeI_9,e_W_HeI_9,l_F_HeII_,F_HeII_,e_F_HeII_,W_HeII_,e_W_HeII_,f_F_CaII_5,l_F_CaII_1,F_CaII_1,e_F_CaII_1,W_CaII_1,e_W_CaII_1,l_F_CaII_2,F_CaII_2,e_F_CaII_2,W_CaII_2,e_W_CaII_2,l_F_CaII_3,F_CaII_3,e_F_CaII_3,W_CaII_3,e_W_CaII_3,l_F_CaII_4,F_CaII_4,e_F_CaII_4,W_CaII_4,e_W_CaII_4,l_F_CaII_5,F_CaII_5,e_F_CaII_5,W_CaII_5,e_W_CaII_5,F_NaI_1,e_F_NaI_1,W_NaI_1,e_W_NaI_1,F_NaI_2,e_F_NaI_2,W_NaI_2,e_W_NaI_2
sp,Sz66,,+,15 39 28.28,-34 46 18.0,2012-04-18,56035.2516,2x300,2x250,2x100,40,140,55,1,Sz66,M3.0,3415,1.00,150,0.200,0.092,1.29,0.30,0.45,0.05,0.15,,4,,SO797,1.50,1.90,-1.8,0.45,-8.73,0.09,460,16.45,0.01,15.00,,0.01,14.51,0.01,12.56,0.01,11.53,0.02,10.89,0.03,9.88,0.03,9.29,0.03,,115.32,4.14,,95.80,4.98,,81.50,4.98,,106.18,3.32,,82.50,3.99,,100.00,,4.84,,95.31,2.90,,144.77,8.80,,167.00,,15.50,<,50.0,,Sz66,6.6e-13,8e-15,-6.471,0.223,1.2e-13,3e-15,-2.453,0.137,7.9e-14,3.8e-15,-2.195,0.188,6.2e-14,2.8e-15,-1.978,0.140,4.7e-14,+,2.1e-15,-1.613,0.181,4.5e-14,4.5e-15,-1.668,0.312,3.5e-14,4e-16,-1.284,0.025,,3.1e-14,1.8e-15,-1.112,0.100,,2.6e-14,8e-16,-0.929,0.044,,2.1e-14,1.5e-15,-0.720,0.075,,1.5e-14,4e-16,-0.476,0.025,,1.1e-14,3e-16,-0.358,0.011,,9.6e-15,2.9e-16,-0.273,0.012,,4.8e-14,6.2e-15,-0.216,0.036,,4.3e-14,1e-14,-0.220,0.050,,3.5e-14,2.4e-15,-0.152,0.011,,2.4e-14,2.8e-15,-0.092,0.012,,2.6e-14,4.2e-15,-0.100,0.018,,2.3e-14,3.9e-15,-0.136,0.020,,1.2e-14,2.9e-15,-0.131,0.032,<,1.4e-14,,,,,6.6e-15,5.8e-16,-0.214,0.030,,1.2e-14,7e-16,-0.311,0.024,,1.7e-15,2.5e-16,-0.037,0.006,,4.6e-15,2e-16,-0.112,0.006,1.8e-14,8e-16,-0.310,0.022,,8e-15,4.3e-16,-0.108,0.007,,5e-15,1.1e-16,-0.049,0.001,,3.4e-14,6.1e-15,-0.152,0.032,,6e-15,7.2e-16,-0.110,0.017,,3.3e-15,2.9e-16,-0.077,0.008,,,4.7e-14,6e-16,-1.717,0.105,,6.2e-14,1e-15,-2.240,0.058,,3.8e-14,6e-16,-0.203,0.004,,4.7e-14,1.6e-15,-0.268,0.011,,4.4e-14,2.2e-15,-0.221,0.013,2e-14,4e-16,-0.335,0.045,1.4e-14,6e-16,-0.236,0.043
sp,AKC2006-19,,,15 44 57.90,-34 23 39.5,2011-04-23,55674.1966,2x900,2x900,2x900,7,50,40,1,[AKC2006] 19,M5.0,3125,0.00,150,0.016,0.008,0.44,0.10,0.10,0.03,0.02,,13,"1,2",SO641,0.60,14.67,-4.1,0.04,-10.85,0.16,228,18.38,0.05,17.74,,0.05,17.04,0.01,14.91,0.01,14.09,0.01,12.98,0.02,12.41,0.02,12.13,0.02,,5.46,0.12,,5.48,0.27,,4.06,0.27,,4.03,0.08,,3.29,0.16,,3.73,,0.18,,3.84,0.15,,7.54,0.89,,3.44,,0.38,<,50.0,,AKC2006-19,8.8e-15,2.8e-16,-2.946,0.290,1.9e-15,6e-17,-2.643,0.324,1.2e-15,4e-17,-3.216,0.521,8.4e-16,5.6e-17,-2.550,0.775,6.5e-16,,6.8e-17,-1.991,0.395,5.6e-16,4.7e-17,-1.979,1.050,4.1e-16,5.2e-17,-1.884,0.726,,3.3e-16,3.6e-17,-1.598,0.598,,2.4e-16,2.7e-17,-1.407,0.656,,2.1e-16,1.5e-17,-1.646,0.428,,1.7e-16,1.3e-17,-0.975,0.379,,1.4e-16,1.2e-17,-1.023,0.315,,9e-17,2.3e-17,-0.487,0.350,<,4.9e-16,,,,,5.4e-16,2.2e-16,-0.034,0.014,<,5.1e-16,,,,<,4.1e-16,,,,<,1.8e-16,,,,<,1.4e-16,,,,,,,,,<,6.6e-16,,,,,5.4e-17,1.5e-17,-0.134,0.058,,7.4e-17,1.7e-17,-0.139,0.052,<,5.6e-18,,,,,2.6e-17,3.9e-18,-0.038,0.007,1.9e-16,4e-17,-0.193,0.059,,8e-17,1.5e-17,-0.038,0.008,,5.7e-17,1.8e-17,-0.019,0.007,<,1.5e-15,,,,,6.5e-17,1.5e-17,-0.058,0.015,,3.5e-17,7.1e-18,-0.052,0.012,,,6.2e-16,2.3e-17,-2.488,1.120,,5.7e-16,6e-18,-1.760,0.225,,2.4e-16,1.7e-17,-0.028,0.002,,,,,,,,,,,5.7e-17,1.7e-17,-0.049,0.026,7.4e-17,1e-17,-0.063,0.032
sp,Sz69,HW Lup,+,15 45 17.42,-34 18 28.5,2011-04-23,55674.0991,2x300,2x300,2x300,12,70,60,1,Sz69,M4.5,3197,0.00,150,0.088,0.041,0.97,0.22,0.20,0.00,0.03,,3,,SO797,2.83,4.50,-2.8,0.18,-9.50,0.55,403,17.41,0.06,16.25,,0.06,14.84,0.01,13.63,0.01,12.28,0.01,11.18,0.03,10.16,0.03,9.41,0.03,,131.07,2.66,,111.00,5.84,,120.00,5.84,,127.54,2.11,,94.60,4.59,,83.00,,4.12,,79.43,1.17,,144.91,3.07,,100.00,,9.72,,154.0,20.1,Sz69,7.4e-13,4e-15,-35.598,1.500,5.3e-14,5e-16,-9.233,0.511,1.8e-14,4e-16,-4.442,0.439,9.8e-15,3.9e-16,-2.743,0.347,7.5e-15,,8.9e-16,-1.891,0.528,6.7e-15,3.5e-16,-1.851,0.285,6.5e-15,5.7e-16,-2.206,0.468,,5.5e-15,5.6e-16,-1.776,0.597,,4.9e-15,4.7e-16,-1.615,0.452,,5.4e-15,5.6e-16,-1.779,0.596,,5.2e-15,5.3e-16,-2.072,0.477,,5e-15,3.2e-16,-1.796,0.304,,4.5e-15,1.8e-16,-1.883,0.143,,4.2e-14,7.5e-15,-0.334,0.069,,2e-14,2.1e-15,-0.180,0.021,,2.1e-14,1.4e-15,-0.220,0.017,,1.7e-14,1.1e-15,-0.209,0.013,,1.4e-14,1.3e-15,-0.160,0.018,,1.3e-14,1.3e-15,-0.167,0.019,,6.4e-15,1.1e-15,-0.079,0.014,,2.3e-14,6.1e-15,-0.226,0.068,,3.2e-16,1.1e-16,-0.091,0.040,,7.3e-16,8.1e-17,-0.162,0.027,,,,,,,3.5e-16,3.6e-17,-0.063,0.008,3.3e-15,2e-16,-0.343,0.034,,1.1e-15,7e-17,-0.071,0.005,,6.3e-16,3e-17,-0.029,0.002,,1.2e-14,1.8e-15,-0.105,0.017,,4.3e-15,9e-17,-0.627,0.025,<,5.4e-17,,,,+,,5.1e-14,4e-16,-11.236,1.230,,2.8e-14,3e-16,-7.092,1.620,,7.2e-14,2e-16,-1.446,0.008,,8.1e-14,3e-16,-1.550,0.015,,6.4e-14,6e-16,-1.032,0.018,7.2e-15,3.4e-16,-0.709,0.049,5.2e-15,2.9e-16,-0.509,0.047
sp,Sz71,GW Lup,,15 46 44.73,-34 30 35.5,2012-04-18,56035.0949,2x300,2x250,2x100,40,110,52,1,Sz71,M1.5,3632,0.50,150,0.309,0.142,1.43,0.33,0.62,0.02,0.17,,4,,TWA15A,1.19,2.65,-2.2,0.08,-9.23,0.24,350,13.80,0.01,13.54,,0.01,13.70,0.01,11.83,0.01,11.28,0.02,10.07,0.02,9.18,0.02,8.63,0.02,,126.92,2.69,,,,,,,,104.53,2.02,,,,,140.00,:,,,163.97,2.27,,276.62,6.12,,260.00,:,,,,,Sz71,1.2e-12,1e-14,-7.905,0.246,1.4e-13,5e-15,-2.253,0.158,7.8e-14,3.4e-15,-1.919,0.168,6.8e-14,4.2e-15,-2.528,0.283,5.3e-14,,6.1e-15,-1.911,0.613,4.9e-14,2.8e-15,-2.581,0.325,3.9e-14,1.3e-15,-2.207,0.137,,3.2e-14,1.5e-15,-1.762,0.135,,2.5e-14,1.3e-15,-1.346,0.125,,1.8e-14,2e-16,-0.932,0.019,,1.2e-14,4e-16,-0.560,0.034,,9.4e-15,2.9e-16,-0.395,0.021,,7.8e-15,5.9e-16,-0.382,0.036,,4.3e-14,6.8e-15,-0.195,0.038,,3.1e-14,6.8e-15,-0.141,0.032,,2.3e-14,4.2e-15,-0.098,0.019,<,2e-14,,,,,1.5e-14,2.4e-15,-0.055,0.009,<,9.5e-15,,,,,6.9e-15,8.3e-16,-0.084,0.042,,,,,,,3.8e-15,2.6e-16,-0.152,0.015,,5.6e-15,7.1e-16,-0.112,0.018,,7.9e-16,2.1e-16,-0.013,0.004,,2.4e-15,6.3e-16,-0.045,0.014,9.4e-15,8.3e-16,-0.102,0.011,,2.7e-15,3.5e-16,-0.022,0.003,,2.5e-15,2.1e-16,-0.017,0.002,,5.9e-14,6.4e-15,-0.263,0.038,,2.8e-15,7.7e-16,-0.040,0.012,,2.6e-15,4.2e-16,-0.044,0.008,,,3.7e-14,4e-16,-1.978,0.089,,4.7e-14,1.3e-15,-2.219,0.105,,1.8e-14,4e-16,-0.088,0.002,,2.2e-14,1e-16,-0.120,0.001,,1.9e-14,3e-16,-0.096,0.002,1.6e-14,2e-16,-0.164,0.025,1.2e-14,2e-16,-0.128,0.022
sp,Sz72,HM Lup,,15 47 50.63,-35 28 35.4,2012-04-18,56035.1926,2x300,2x250,2x100,33,95,39,1,Sz72,M2.0,3560,0.75,150,0.252,0.116,1.29,0.30,0.45,0.12,0.00,,3,,TWA9B,2.73,3.70,-1.8,0.23,-8.73,0.28,455,15.96,0.01,14.79,,0.01,13.55,0.02,12.25,0.02,,,10.57,0.03,9.77,0.03,9.33,0.02,,101.09,2.14,,,,,,,,92.31,1.79,,,,,150.00,:,,,130.72,1.69,,232.86,3.86,,250.00,:,,,,,Sz72,1.8e-12,2e-14,-13.088,0.570,4.2e-13,3e-15,-7.808,0.320,1.9e-13,2e-15,-4.911,0.141,1.3e-13,3e-15,-4.224,0.284,9.8e-14,+,3.9e-15,-2.821,0.389,9e-14,5e-16,-3.087,0.048,8.6e-14,3.5e-15,-3.744,0.574,,7.3e-14,2.2e-15,-3.169,0.329,,6.3e-14,9e-16,-1.990,0.102,,5.8e-14,2e-15,-2.250,0.242,,5.5e-14,2.6e-15,-2.000,0.155,,4.4e-14,2.9e-15,-1.969,0.238,,3.6e-14,1.8e-15,-1.223,0.177,,1.5e-13,1.5e-14,-0.716,0.099,,1.1e-13,1.4e-14,-0.523,0.073,,7.7e-14,1.4e-15,-0.343,0.008,,6.3e-14,2e-15,-0.241,0.009,,5.6e-14,2.2e-15,-0.209,0.009,,5.2e-14,6.1e-15,-0.213,0.030,,4e-14,7.1e-15,-0.447,0.090,,7.5e-14,9.7e-15,-0.728,0.127,,6e-15,6e-16,-0.211,0.035,,1.2e-14,5e-16,-0.286,0.020,,9.3e-16,2.7e-16,-0.017,0.005,,4.7e-15,6.5e-16,-0.092,0.013,2.9e-14,1.4e-15,-0.356,0.027,,7.7e-15,5.5e-16,-0.072,0.006,,4.4e-15,5.4e-16,-0.031,0.004,,1.4e-13,7e-15,-0.581,0.040,,3.7e-14,1e-16,-0.555,0.002,,1.8e-15,4.7e-16,-0.037,0.011,+,,4.7e-13,2e-15,-14.451,1.360,,3e-13,2e-15,-9.210,0.534,,3.6e-13,3e-15,-1.726,0.033,,4.1e-13,5e-15,-2.005,0.063,,3.3e-13,4e-15,-1.532,0.041,5.4e-14,1.7e-15,-0.652,0.041,3.8e-14,1.7e-15,-0.466,0.032
sp,Sz73,,,15 47 56.94,-35 14 34.8,2012-04-18,56035.2923,2x300,2x250,2x100,20,115,55,1,Sz73,K7,4060,3.50,150,0.419,0.193,1.35,0.31,1.00,0.00,0.00,,9,,SO879,1.05,2.08,-1.0,0.22,-8.26,0.05,504,18.21,0.04,16.37,,0.02,14.90,0.02,13.44,0.01,,,10.74,0.03,9.53,0.03,8.83,0.02,,303.61,6.71,,,,,,,,361.43,6.66,,,,,500.00,:,,,421.46,5.82,,920.21,10.17,,1200.00,:,,,,,Sz73,2.6e-12,3e-14,-6.510,0.263,6e-13,2.5e-14,-2.288,0.255,3e-13,1.8e-14,-1.457,0.167,2.2e-13,1.6e-14,-1.497,0.239,2e-13,+,3e-14,-2.174,0.480,1.7e-13,1.1e-14,-1.596,0.255,1.3e-13,1.3e-14,-1.623,0.226,,9.5e-14,1e-14,-0.846,0.187,,8.2e-14,5.2e-15,-0.759,0.075,,7.5e-14,6.3e-15,-0.766,0.120,,6.9e-14,6.1e-15,-0.665,0.100,,5.6e-14,8e-16,-0.584,0.036,,3.9e-14,5.9e-15,-0.349,0.102,,2.4e-13,2.6e-14,-0.729,0.107,,1.7e-13,2.5e-14,-0.473,0.087,,1.1e-13,8e-15,-0.294,0.026,,6.8e-14,4.5e-15,-0.153,0.012,,5.6e-14,6.1e-15,-0.123,0.014,,3.5e-14,8.3e-15,-0.081,0.021,,6e-14,1.3e-14,-0.353,0.085,<,4e-14,,,,,9.5e-15,1.6e-15,-0.069,0.016,,2.4e-14,2.1e-15,-0.105,0.012,<,1.8e-15,,,,,1.4e-14,4e-15,-0.067,0.022,4.9e-14,1.1e-15,-0.134,0.004,,5.5e-15,7.6e-16,-0.015,0.002,,1.1e-14,3e-16,-0.029,0.001,,2.1e-13,1.6e-14,-0.578,0.062,,3.1e-14,3.3e-15,-0.106,0.002,,8.6e-15,1.4e-15,-0.032,0.006,,,3.4e-13,7e-15,-3.128,0.348,,2.4e-13,6e-15,-1.929,0.109,,1.7e-13,1e-15,-0.428,0.003,,2.3e-13,2e-15,-0.617,0.009,,2.1e-13,3e-15,-0.533,0.009,7e-14,5e-16,-0.186,0.021,5e-14,9e-16,-0.132,0.017
sp,Sz74,HN Lup,,15 48 05.23,-35 15 52.8,2012-04-18,56035.1695,2x150,2x100,2x50,22,135,45,1,Sz74,M3.5,3342,1.50,150,1.043,0.480,3.13,0.72,0.50,0.10,0.10,,1,,TWA15A,0.90,1.46,-1.5,0.10,-8.09,0.07,401,15.96,0.02,14.18,,0.01,12.98,0.02,11.44,0.01,,,9.23,0.02,8.10,0.03,7.43,0.02,,865.99,28.71,,,,,,,,897.90,20.68,,,,,,,,,759.20,10.49,,1386.40,16.60,,,,,,,,Sz74,1.1e-12,3e-14,-2.297,0.139,2.4e-13,1.1e-14,-1.196,0.104,1.1e-13,6e-15,-0.821,0.070,8.9e-14,1.1e-14,-0.844,0.179,7.8e-14,+,9.6e-15,-1.231,0.233,5.6e-14,9.9e-15,-0.772,0.228,4.8e-14,5.2e-15,-0.600,0.135,,4.6e-14,8.2e-15,-0.681,0.222,,3.9e-14,3.5e-15,-0.573,0.091,,2.8e-14,3.9e-15,-0.428,0.107,,2.5e-14,9e-16,-0.320,0.039,,2e-14,3.2e-15,-0.338,0.102,,1.5e-14,1.7e-15,-0.305,0.053,,6.4e-14,2.3e-14,-0.053,0.020,,7.4e-14,2.4e-14,-0.072,0.021,,3.7e-14,1.4e-15,-0.032,0.001,<,2.8e-14,,,,,2.4e-14,9.7e-15,-0.034,0.008,<,1.2e-14,,,,,2.5e-14,1e-14,-0.042,0.032,,,,,,,6.7e-15,1.6e-15,-0.068,0.022,,1.6e-14,1.3e-15,-0.100,0.011,<,7.8e-16,,,,,1e-14,1.7e-15,-0.065,0.013,3e-14,2.8e-15,-0.106,0.012,,9.2e-15,1.4e-15,-0.023,0.004,,6.8e-15,3.1e-16,-0.013,0.001,,5.8e-14,1.1e-14,-0.048,0.010,,1.4e-14,1.2e-15,-0.058,0.006,,5.2e-15,1.1e-15,-0.028,0.007,,,1.6e-13,3e-15,-2.363,0.255,,1.4e-13,4e-15,-1.509,0.107,,9.2e-14,3e-15,-0.097,0.004,,9.7e-14,4.7e-15,-0.108,0.006,,9.9e-14,1.3e-15,-0.099,0.001,2.8e-14,1.4e-15,-0.090,0.023,1.5e-14,1.4e-15,-0.049,0.016
sp,Sz83,RU Lup,,15 56 42.31,-37 49 15.5,2012-04-18,56035.1794,2x100,2x50,2x30,45,130,50,1,Sz83,K7,4060,0.00,150,1.313,0.605,2.39,0.55,1.15,0.25,0.05,,2,,SO879,2.28,2.27,-0.3,1.88,-7.37,0.14,604,11.70,0.01,11.40,,0.01,10.63,0.02,9.84,0.02,,,8.73,0.03,7.82,0.04,7.14,0.02,,1260.99,60.39,,,,,,,,1739.52,59.28,,,,,1500.00,:,,,2400.80,19.90,,4465.67,41.13,,3500.00,:,,,,,Sz83,1.7e-11,1e-13,-14.000,0.258,5.4e-12,5e-14,-5.442,0.218,2.7e-12,5e-14,-2.903,0.161,1.8e-12,4e-14,-2.342,0.099,1.5e-12,+,2e-13,-2.094,0.491,1.3e-12,5e-14,-1.403,0.119,1.2e-12,2e-14,-2.224,0.085,,1.1e-12,1e-14,-1.507,0.023,,9.7e-13,4.3e-14,-0.990,0.084,,8.6e-13,5.7e-14,-0.885,0.108,,7.9e-13,4.8e-14,-0.966,0.068,,7e-13,3.6e-14,-0.800,0.079,,6.9e-13,8.3e-14,-0.453,0.120,,3.6e-12,1.6e-13,-2.306,0.186,,2.4e-12,3e-14,-1.797,0.033,,1.8e-12,3e-14,-1.437,0.039,,1.5e-12,4e-14,-1.141,0.051,,1.4e-12,2e-14,-0.966,0.024,,1.1e-12,7e-14,-0.870,0.076,,1.1e-12,5e-14,-0.886,0.054,,2.4e-12,5e-13,-1.739,0.482,,3.1e-13,1.9e-14,-0.413,0.031,,2.3e-13,9e-15,-0.247,0.013,,1.9e-14,6.5e-15,-0.020,0.008,,1.3e-13,4.5e-14,-0.137,0.006,6.3e-13,1.6e-14,-0.565,0.020,,2.2e-13,1.3e-14,-0.184,0.012,,1.7e-13,5e-15,-0.129,0.005,,3.2e-12,1.3e-13,-2.496,0.244,,1.1e-12,2e-14,-1.158,0.036,,3.2e-14,4.5e-15,-0.034,0.005,+,,6.2e-12,5e-14,-6.792,0.286,,3.2e-12,5e-14,-2.584,0.509,,7.1e-12,1e-14,-5.519,0.011,,7.3e-12,1e-14,-5.810,0.032,,6.7e-12,3e-14,-5.328,0.071,7.8e-13,1.2e-14,-0.658,0.025,6.1e-13,1.5e-14,-0.516,0.024
sp,Sz84,,,15 58 02.53,-37 36 02.7,2012-04-18,56035.1083,2x350,2x300,2x115,40,120,80,1,Sz84,M5.0,3125,0.00,150,0.122,0.056,1.21,0.28,0.17,0.08,0.02,,1,,SO641,1.44,2.65,-2.7,0.10,-9.24,0.28,456,17.54,0.03,16.16,,0.01,14.53,0.04,12.94,0.02,,,10.93,0.02,10.20,0.02,9.85,0.03,,42.10,0.89,,42.00,0.04,,29.00,0.04,,32.30,0.63,,20.10,0.03,,12.00,,0.03,,6.95,0.21,,24.54,1.20,,20.90,,0.41,,244.0,73.2,Sz84,5.2e-13,5e-15,-12.458,0.540,3.3e-14,8e-16,-3.112,0.202,1.9e-14,2e-16,-2.703,0.047,1.4e-14,1e-15,-2.282,0.323,1.2e-14,+,8.7e-15,-1.789,0.374,1.2e-14,6e-16,-2.474,0.285,1e-14,5e-16,-2.328,0.202,,8.3e-15,4.2e-16,-1.754,0.147,,6.7e-15,2.5e-16,-1.372,0.083,,4.4e-15,2.8e-16,-0.820,0.082,,3.4e-15,2.2e-16,-0.598,0.058,,2.2e-15,6e-17,-0.373,0.018,,1.7e-15,1.5e-16,-0.281,0.034,,2.7e-14,5.5e-15,-0.169,0.038,,2e-14,4.4e-15,-0.117,0.027,,1.4e-14,1.5e-15,-0.092,0.010,<,9.1e-15,,,,,7.6e-15,1.9e-15,-0.045,0.012,,4.6e-15,1.3e-15,-0.030,0.008,,9e-15,1.7e-15,-0.142,0.029,,,,,,,1.2e-15,9e-17,-0.219,0.024,,1.9e-15,1.6e-16,-0.226,0.027,,3.3e-16,2.5e-17,-0.034,0.003,,7.4e-16,5.3e-17,-0.076,0.007,3.9e-15,2.9e-16,-0.233,0.027,,2.5e-15,1.7e-16,-0.091,0.007,,1.6e-15,4e-17,-0.039,0.001,,2.6e-14,3.1e-15,-0.154,0.020,,9.8e-16,1e-16,-0.074,0.010,,1.2e-15,6e-17,-0.132,0.009,,,5e-15,1.6e-16,-1.085,0.089,,7.6e-15,2.7e-16,-1.464,0.133,,2.7e-15,7e-17,-0.027,0.001,,1.9e-15,1e-16,-0.019,0.001,<,2e-15,,,,4.5e-16,9.8e-17,-0.026,0.015,2.1e-16,3.5e-17,-0.012,0.009
sp,Sz130,,,16 00 31.05,-41 43 37.2,2010-04-07,55293.3609,2x300,2x300,2x300,40,90,45,4,Sz130,M2.0,3560,0.00,150,0.160,0.074,1.03,0.24,0.45,0.05,0.00,,6,,TWA2A,1.50,2.43,-2.2,0.15,-9.23,0.20,266,15.82,0.05,14.71,,0.05,13.56,0.54,12.46,0.01,12.26,0.02,10.73,0.05,9.93,0.05,9.62,0.05,,58.49,1.19,,59.00,3.02,,53.50,3.02,,51.91,0.91,,53.30,2.53,,70.10,,3.35,,79.21,1.17,,133.63,2.71,,115.00,,10.60,,165.0,22.1,Sz130,5.6e-13,4e-15,-7.019,0.207,1.6e-13,2e-15,-4.255,0.135,1.2e-13,3e-15,-4.175,0.188,1e-13,2e-15,-4.016,0.207,7.6e-14,,7.7e-15,-2.940,0.266,7.1e-14,2.2e-15,-3.096,0.207,5.3e-14,2.2e-15,-2.329,0.184,,4e-14,8e-16,-1.802,0.066,,2.8e-14,6e-16,-1.196,0.043,,1.9e-14,6e-16,-0.652,0.038,,1.4e-14,3e-16,-0.507,0.015,,1e-14,7e-16,-0.266,0.025,,7e-15,3.9e-16,-0.252,0.018,,5e-14,3.6e-15,-0.285,0.026,,5e-14,8.4e-15,-0.344,0.058,,3.2e-14,2.8e-15,-0.218,0.021,,2.1e-14,2.7e-15,-0.163,0.023,,1.5e-14,1.5e-15,-0.108,0.011,,1.1e-14,1.3e-15,-0.079,0.010,,1.4e-14,3.2e-15,-0.242,0.057,<,1.1e-14,,,,,4.9e-15,3e-16,-0.221,0.019,,9.5e-15,4.9e-16,-0.303,0.025,,1.4e-15,1.5e-16,-0.038,0.005,,3.4e-15,1.2e-16,-0.103,0.005,1.8e-14,3e-16,-0.349,0.010,,8.2e-15,2.2e-16,-0.126,0.004,,6.5e-15,1.4e-16,-0.091,0.002,,8e-14,1.4e-14,-0.521,0.163,,4.9e-15,5.2e-16,-0.128,0.018,,3.5e-15,1.1e-16,-0.099,0.007,,,2.8e-14,2e-16,-1.340,0.050,,3.8e-14,2.3e-15,-1.473,0.100,,1.7e-14,3e-16,-0.145,0.003,,2.3e-14,6e-16,-0.204,0.008,,2e-14,5e-16,-0.167,0.006,1.4e-14,7e-16,-0.279,0.034,9.3e-15,5.1e-16,-0.178,0.022
sp,Sz88A (SW),HO Lup (SW),,16 07 00.54,-39 02 19.3,2012-04-18,56035.3342,2x300,2x250,2x100,60,110,50,1,Sz88,M0,3850,0.25,200,0.488,0.225,1.61,0.37,0.85,0.10,0.10,,4,,TWA25,2.08,3.03,-1.2,0.32,-8.31,0.18,597,13.67,0.01,13.02,,0.01,13.06,0.01,11.91,0.01,11.21,0.01,10.20,0.03,9.36,0.03,8.76,0.02,<,292.90,,,,,,,,<,264.99,,,,,,,,,<,300.85,,<,363.99,,,,,,,,,Sz88A (SW),2e-12,3e-14,-10.677,0.394,6.8e-13,8e-15,-5.878,0.197,3.2e-13,5e-15,-3.198,0.116,2.2e-13,2e-15,-2.426,0.058,1.5e-13,+,1.9e-14,-1.613,0.296,1.5e-13,5e-15,-1.561,0.109,1.2e-13,7e-15,-1.627,0.187,,1.1e-13,2e-15,-1.231,0.043,,8.7e-14,1.9e-15,-0.942,0.042,,8e-14,1.6e-15,-0.897,0.042,,7.8e-14,2e-15,-0.846,0.042,,6.7e-14,9e-16,-0.750,0.019,,5.5e-14,2.1e-15,-0.516,0.037,,3.7e-13,1.3e-14,-1.759,0.113,,2.7e-13,1.3e-14,-1.215,0.095,,2e-13,8e-15,-0.914,0.053,,1.6e-13,9e-15,-0.628,0.054,,1.5e-13,8e-15,-0.542,0.043,,1.3e-13,8e-15,-0.444,0.046,,9.1e-14,6.6e-15,-0.815,0.072,,9.8e-14,1e-14,-0.708,0.098,,1.6e-14,4e-16,-0.191,0.006,,3e-14,1.6e-15,-0.285,0.019,,4e-15,8.5e-16,-0.034,0.008,,4.5e-14,3.3e-15,-0.391,0.044,9.7e-14,5e-15,-0.653,0.047,,2.9e-14,1.2e-15,-0.169,0.008,,3.1e-14,2.3e-15,-0.160,0.014,,4.9e-13,1.2e-14,-2.225,0.117,,3.6e-14,2.2e-15,-0.290,0.025,,6.5e-15,7.4e-16,-0.055,0.007,+,,3.2e-13,5e-15,-3.649,0.329,,2.5e-13,1e-14,-2.645,0.094,,2.9e-13,5e-15,-1.233,0.040,,3.6e-13,5e-15,-1.614,0.041,,3.1e-13,6e-15,-1.358,0.041,9.3e-14,2.4e-15,-0.584,0.031,6.6e-14,1.9e-15,-0.414,0.022
sp,Sz88B (NE),HO Lup (NE),,16 07 00.62,-39 02 18.1,2012-04-18,56035.3342,2x300,2x250,2x100,18,75,48,3,Sz88,M4.5,3197,0.00,200,0.118,0.054,1.12,0.26,0.20,0.05,0.03,,2,,SO797,0.87,3.34,-3.1,0.04,-9.74,0.18,405,17.17,0.01,15.72,,0.01,15.32,0.01,13.33,0.01,12.57,0.01,11.53,0.03,10.87,0.03,10.51,0.02,<,292.90,,,,,,,,<,264.99,,,,,,,,,<,300.85,,<,363.99,,,,,,,,,Sz88B (NE),4.8e-14,1.7e-15,-2.316,0.190,6.9e-15,4.5e-16,-1.383,0.188,2.9e-15,2.4e-16,-0.927,0.170,1.9e-15,2.5e-16,-0.752,0.206,1.8e-15,,3.7e-16,-1.145,0.381,1.3e-15,1.3e-16,-0.812,0.174,1.2e-15,2.5e-16,-1.021,0.304,,9.1e-16,1.1e-16,-0.592,0.131,,7.8e-16,1.3e-16,-0.524,0.167,,7.2e-16,1.2e-16,-0.598,0.177,,6.8e-16,8.4e-17,-0.419,0.102,,6.6e-16,7.8e-17,-0.520,0.098,,6.2e-16,2.3e-17,-0.481,0.030,,4.2e-15,1.2e-15,-0.069,0.021,,1.4e-15,1.3e-15,-0.070,0.021,,3.3e-15,1.9e-15,-0.132,0.047,,3e-15,1e-15,-0.091,0.016,,1e-15,4.5e-16,-0.020,0.006,,9.4e-16,6.7e-16,-0.044,0.011,<,7e-16,,,,,,,,,,1.8e-16,4.4e-17,-0.077,0.022,,2.3e-16,5e-17,-0.055,0.014,,1e-16,3.3e-17,-0.020,0.007,,6e-16,1.9e-16,-0.127,0.044,8.8e-16,2.1e-16,-0.098,0.029,,3.1e-16,1.2e-17,-0.020,0.008,,7.4e-16,3.1e-16,-0.033,0.014,,9e-15,1.8e-15,-0.131,0.030,,2e-16,7.2e-17,-0.028,0.011,,,,,,,,3.4e-15,2e-16,-2.174,0.563,,2.6e-15,1.7e-16,-1.362,0.180,<,2.6e-15,,,,<,1.5e-15,,,,<,8.7e-16,,,,1.7e-15,4e-17,-0.161,0.041,1e-15,7e-17,-0.100,0.029
sp,Sz91,,,16 07 11.61,-39 03 47.1,2012-04-18,56035.3213,2x300,2x250,2x300,40,70,35,3,Sz91,M1,3705,1.20,200,0.311,0.143,1.36,0.31,0.62,0.13,0.08,,4,,TWA13A,1.12,2.14,-1.8,0.12,-8.85,0.22,374,16.25,0.05,14.58,,0.05,14.38,0.01,12.92,0.01,12.25,0.01,11.06,0.02,10.12,0.02,9.85,0.02,,41.37,0.80,,38.60,1.93,,24.70,1.93,,25.64,0.47,,17.20,0.83,,10.90,,0.52,,6.89,0.19,,13.02,1.00,,9.72,,0.98,,502.0,53.2,Sz91,1.7e-12,2e-14,-15.044,1.050,1.6e-13,4e-15,-3.299,0.209,8.9e-14,3.3e-15,-2.743,0.205,6.6e-14,6.2e-15,-2.596,0.403,4.7e-14,,5e-15,-1.890,0.349,4.3e-14,3e-15,-1.945,0.247,3.4e-14,2e-15,-1.654,0.162,,2.5e-14,1e-15,-1.192,0.074,,2.3e-14,7e-16,-0.791,0.054,,1.8e-14,3e-15,-1.341,0.345,,1.6e-14,1.6e-15,-0.836,0.135,,1.3e-14,7e-16,-0.734,0.070,,1.1e-14,7e-16,-0.636,0.076,,8.6e-14,5.5e-15,-0.653,0.061,,5e-14,8.2e-15,-0.377,0.068,,3.3e-14,4.5e-15,-0.238,0.037,,1.8e-14,1.6e-15,-0.090,0.010,,1.5e-14,2.2e-15,-0.089,0.014,,1.2e-14,1.6e-15,-0.058,0.011,,2e-14,4.2e-15,-0.393,0.092,,1.6e-14,3e-15,-0.255,0.055,,4.4e-15,3.9e-16,-0.181,0.022,,7.8e-15,6e-16,-0.198,0.021,,1.5e-15,2.2e-16,-0.032,0.005,,2.9e-15,1.5e-16,-0.070,0.005,1.2e-14,6e-16,-0.151,0.011,,4.4e-15,3.5e-16,-0.047,0.005,,3.8e-15,2e-16,-0.035,0.002,,7.3e-14,5.2e-15,-0.511,0.054,,3.6e-15,3.6e-16,-0.068,0.008,,3.7e-15,2e-16,-0.077,0.005,,,2e-14,9e-16,-0.943,0.084,,2.8e-14,1.1e-15,-1.131,0.067,,1.2e-14,4e-16,-0.089,0.004,,1.5e-14,3e-16,-0.132,0.004,,1.3e-14,2e-16,-0.105,0.002,1.2e-14,1e-16,-0.158,0.034,8.6e-15,6e-16,-0.109,0.025
sp,Lup713,,+,16 07 37.72,-39 21 38.8,2010-04-06,55292.1950,2x900,2x900,2x900,8,50,45,3,[LEM2005] Lup713,M5.5,3057,0.00,200,0.020,0.009,0.52,0.12,0.08,0.05,0.00,,4,1,Par-Lup3-2,3.50,6.50,-3.5,0.12,-10.08,0.54,378,18.38,0.05,,,,17.77,0.02,15.68,0.02,14.06,0.01,13.24,0.03,12.57,0.03,12.13,0.03,,6.72,0.15,,6.96,0.46,,6.12,0.46,,6.12,0.13,,5.65,0.31,,6.69,,0.33,,5.62,0.26,,5.36,1.16,,6.39,,0.64,<,50.0,,Lup713,5.4e-14,2e-16,-25.377,0.940,1e-14,1e-16,-14.752,1.390,5.2e-15,1.4e-16,-12.065,2.200,3.9e-15,2.3e-16,-10.208,4.020,3.4e-15,+,5.5e-16,-9.043,0.762,2.5e-15,5e-17,-4.776,0.552,2.1e-15,1.4e-16,-4.031,1.350,,1.7e-15,4e-17,-3.485,0.348,,1.5e-15,7e-17,-3.407,0.489,,1.2e-15,7e-17,-2.438,0.450,,9.6e-16,6.2e-17,-1.754,0.334,,7.6e-16,2.1e-17,-1.236,0.093,,5.1e-16,5.9e-17,-0.736,0.181,,4.9e-15,4.6e-16,-0.281,0.032,,3.6e-15,5.6e-16,-0.212,0.037,,2.8e-15,2.4e-16,-0.207,0.020,<,2e-15,,,,,1.5e-15,1.7e-16,-0.138,0.019,,1.1e-15,2.3e-16,-0.113,0.026,,7.9e-16,1.9e-16,-0.116,0.031,<,7.8e-16,,,,,1.6e-16,2.4e-17,-0.404,0.103,,2.9e-16,1.2e-17,-0.513,0.068,,3e-17,6.2e-18,-0.053,0.014,,1.1e-16,7e-18,-0.200,0.028,1.1e-15,4e-17,-1.260,0.164,,5.2e-16,2.6e-17,-0.399,0.035,,2.8e-16,2e-17,-0.140,0.013,,3e-15,7.4e-16,-0.180,0.053,,4.2e-16,4e-17,-0.584,0.105,,4.6e-17,6.4e-18,-0.098,0.020,+,,4.6e-15,3e-17,-7.676,0.967,,3.3e-15,4e-17,-4.621,0.638,,3.5e-15,8e-17,-0.611,0.024,,5.1e-15,4e-17,-0.869,0.013,,4.5e-15,1e-16,-0.604,0.021,1.3e-15,7e-17,-1.280,0.060,8.1e-16,8.3e-17,-0.803,0.058
sp,Lup604s,,,16 08 00.20,-39 02 59.7,2010-04-06,55292.2374,2x450,2x450,2x450,5,60,40,3,[LEM2005] Lup604s,M5.5,3057,0.00,200,0.057,0.026,0.83,0.19,0.11,0.04,0.02,,2,,SO925,0.50,8.50,-3.7,0.05,-10.21,0.13,264,16.94,0.05,17.01,,0.05,16.51,0.01,14.31,0.01,13.34,0.01,12.15,0.03,11.45,0.03,11.07,0.02,,16.49,0.35,,16.30,0.90,,15.10,0.90,,13.72,0.25,,12.80,0.64,,14.40,,0.69,,14.02,0.30,,21.22,1.15,,16.60,,1.57,<,50.0,,Lup604s,1.1e-14,5e-16,-1.691,0.223,1.6e-15,7e-17,-1.191,0.177,8.5e-16,7.8e-17,-1.118,0.289,6.1e-16,7.3e-17,-0.968,0.390,5.5e-16,,6.1e-17,-1.769,0.718,4.3e-16,6.5e-17,-1.275,0.703,2.9e-16,4.9e-17,-0.571,0.269,,1.8e-16,3.8e-17,-0.414,0.205,,1.5e-16,1.7e-17,-0.370,0.108,,1.1e-16,1.3e-17,-0.312,0.089,,8.9e-17,2e-17,-0.332,0.186,<,7.8e-17,,,,<,6.6e-17,,,,<,4.2e-15,,,,,2.2e-15,8.7e-16,-0.040,0.016,<,1.6e-15,,,,<,1.2e-15,,,,<,9e-16,,,,<,6.1e-16,,,,<,1.8e-16,,,,<,3.6e-15,,,,<,3.9e-17,,,,<,2.5e-17,,,,,,,,,<,1.3e-17,,,,2.2e-16,4.3e-17,-0.117,0.031,,7e-17,1.3e-17,-0.015,0.003,,7e-17,2.1e-17,-0.010,0.003,,,,,,,6.9e-17,1.9e-17,-0.031,0.010,<,1.6e-17,,,,,,8.2e-16,2.5e-17,-1.535,0.344,,6.8e-16,2e-17,-0.951,0.143,,,,,,,,,,,,,,,,7.4e-17,1.1e-17,-0.030,0.014,3.9e-17,6.2e-18,-0.016,0.019
sp,Sz97,,,16 08 21.79,-39 04 21.5,2011-04-23,55674.1139,2x300,2x300,2x300,15,120,55,3,Sz97,M4.0,3270,0.00,200,0.169,0.078,1.34,0.28,0.25,0.05,0.00,,2,,Sz94,1.00,3.70,-2.9,0.03,-9.56,0.38,452,16.18,0.05,14.61,,0.05,14.77,0.01,12.92,0.01,12.24,0.01,11.24,0.02,10.55,0.02,10.22,0.02,,33.17,0.70,,27.90,1.73,,25.20,1.73,,26.82,0.49,,23.70,1.14,,25.70,,1.23,,24.01,0.55,,39.51,2.26,,31.20,,2.97,,88.6,16.9,Sz97,1.4e-13,3e-15,-4.112,0.261,3e-14,7e-16,-2.492,0.143,2.1e-14,9e-16,-2.814,0.350,1.7e-14,8e-16,-2.522,0.373,1.5e-14,,4e-16,-2.188,0.429,1.3e-14,6e-16,-2.626,0.428,1.1e-14,6e-16,-2.500,0.400,,9.2e-15,9.4e-16,-2.237,0.581,,6.8e-15,5.9e-16,-1.615,0.345,,5.3e-15,8.1e-16,-1.325,0.463,,4.2e-15,6.3e-16,-1.044,0.345,,3.6e-15,1.9e-16,-0.767,0.099,,2.7e-15,2.3e-16,-0.697,0.128,,5.6e-15,1.3e-15,-0.038,0.014,,6e-15,2e-15,-0.074,0.021,,7.2e-15,5e-16,-0.078,0.006,,5.9e-15,5.9e-16,-0.060,0.006,,3.8e-15,4.1e-16,-0.039,0.004,,1.1e-15,4.2e-16,-0.011,0.004,<,1.3e-15,,,,<,2.1e-15,,,,,1e-15,1.4e-16,-0.154,0.032,,2e-15,2e-16,-0.212,0.032,<,2.2e-16,,,,,9.3e-16,7.2e-17,-0.093,0.008,3.9e-15,1e-16,-0.240,0.011,,1.8e-15,1.6e-16,-0.071,0.007,,1.1e-15,9e-17,-0.032,0.003,,3.3e-15,6.5e-16,-0.032,0.007,,1.1e-15,1.5e-16,-0.066,0.011,,6.8e-16,6e-17,-0.061,0.006,,,1.2e-14,4e-16,-2.239,0.392,,1.3e-14,1.1e-15,-2.087,0.301,,4.4e-15,1.3e-16,-0.062,0.002,,4.8e-15,4e-17,-0.071,0.001,,3.9e-15,1e-16,-0.053,0.001,1.5e-15,7e-17,-0.086,0.018,7.2e-16,5.1e-17,-0.042,0.012
sp,Sz99,,,16 08 24.04,-39 05 49.4,2010-04-07,55293.3452,2x300,2x300,2x300,14,60,35,3,Sz99,M4.0,3270,0.00,200,0.074,0.034,0.89,0.20,0.17,0.08,0.00,,3,,TWA9B,1.90,2.65,-2.6,0.26,-9.27,0.19,373,15.49,0.05,16.00,,0.05,15.74,0.01,14.17,0.01,13.28,0.01,11.93,0.02,11.21,0.02,10.75,0.02,,25.70,0.54,,23.80,1.39,,22.90,1.39,,22.22,0.41,,20.10,1.01,,21.10,,1.00,,24.41,0.52,,30.33,1.65,,26.20,,2.45,<,50.0,,Sz99,1.4e-13,1e-15,-12.385,0.478,3.2e-14,8e-16,-6.106,0.449,2.5e-14,1e-15,-5.860,0.654,2.2e-14,8e-16,-5.942,0.649,2e-14,,3.2e-15,-5.153,0.261,1.5e-14,1e-15,-3.791,0.674,1.2e-14,1.1e-15,-3.132,0.695,,9.5e-15,1.6e-15,-2.591,0.944,,6.6e-15,3.3e-16,-1.644,0.145,,4.5e-15,3.1e-16,-1.011,0.111,,3.4e-15,2.6e-16,-0.684,0.089,,1.7e-15,1.8e-16,-0.330,0.042,,1.3e-15,9e-17,-0.232,0.023,,7.9e-15,1.2e-15,-0.167,0.030,,6.5e-15,1.1e-15,-0.158,0.031,,4.4e-15,2.9e-16,-0.134,0.010,<,2.8e-15,,,,,2.3e-15,6.5e-16,-0.078,0.023,,1.3e-15,2.7e-16,-0.047,0.010,,1.7e-15,2.3e-16,-0.082,0.012,<,2.2e-15,,,,,8.9e-16,1.1e-16,-0.251,0.045,,1.7e-15,1.1e-16,-0.407,0.052,,1.9e-16,2.1e-17,-0.042,0.006,,5.5e-16,1.2e-17,-0.115,0.003,4.3e-15,1e-16,-0.737,0.040,,2e-15,9e-17,-0.257,0.017,,1.1e-15,2e-17,-0.109,0.002,,6.2e-15,8.4e-16,-0.150,0.023,,1.2e-15,1.8e-16,-0.233,0.047,,4.1e-16,2.1e-17,-0.093,0.007,,,5.8e-15,3e-16,-1.633,0.277,,6.5e-15,3.4e-16,-1.373,0.196,,2.7e-15,2e-17,-0.125,0.001,,3.7e-15,4e-17,-0.169,0.002,,3.1e-15,7e-17,-0.125,0.003,2.3e-15,2.7e-16,-0.374,0.034,1.5e-15,1.7e-16,-0.240,0.027
sp,Sz100,,+,16 08 25.76,-39 06 01.1,2011-04-23,55674.1391,2x300,2x300,2x300,10,50,55,3,Sz100,M5.5,3057,0.00,200,0.169,0.078,1.43,0.33,0.17,0.00,0.04,,1,,SO641,0.87,2.16,-3.0,0.09,-9.47,0.31,251,16.62,0.05,15.43,,0.05,15.22,0.01,13.12,0.01,12.18,0.01,10.98,0.02,10.35,0.02,9.91,0.02,,59.58,1.32,,53.10,3.21,,50.40,3.21,,51.86,1.00,,48.70,2.48,,61.70,,3.04,,67.98,1.13,,140.44,3.62,,130.00,,12.10,,223.0,28.5,Sz100,9.8e-14,1.4e-15,-4.725,0.278,2.3e-14,6e-16,-3.738,0.366,1.6e-14,6e-16,-4.469,0.609,1.2e-14,7e-16,-3.471,0.875,8.6e-15,,2e-16,-2.381,0.340,7.5e-15,5e-16,-3.067,0.877,5.1e-15,5e-16,-1.669,0.594,,4.2e-15,1.5e-16,-1.731,0.202,,2.9e-15,4.5e-16,-1.182,0.523,,2e-15,2.4e-16,-0.774,0.245,,1.8e-15,1.8e-16,-1.066,0.293,,1.2e-15,2e-16,-0.680,0.051,,8.5e-16,2.2e-16,-0.316,0.154,,3.9e-15,1.8e-15,-0.031,0.014,,4.6e-15,1.6e-15,-0.036,0.013,<,2.9e-15,,,,<,2.9e-15,,,,<,2.2e-15,,,,,2.3e-15,4.6e-16,-0.022,0.005,<,1.7e-15,,,,<,1e-14,,,,,7e-16,1.4e-16,-0.196,0.063,,1.1e-15,1.1e-16,-0.233,0.043,<,6.6e-17,,,,,4.6e-16,2.1e-17,-0.089,0.005,3.3e-15,1.5e-16,-0.442,0.043,,1.3e-15,1.5e-16,-0.092,0.013,,8.9e-16,8.8e-17,-0.043,0.005,,6.6e-15,1.6e-15,-0.055,0.016,,8.9e-16,1.6e-16,-0.104,0.025,,3.6e-16,4.2e-17,-0.070,0.011,,,9.3e-15,2.6e-16,-2.754,0.631,,9.5e-15,5e-17,-2.206,0.385,,4.2e-15,1.6e-16,-0.067,0.003,,5.3e-15,1.2e-16,-0.084,0.002,,3.4e-15,8e-17,-0.045,0.001,7.8e-16,6.5e-17,-0.092,0.020,5.1e-16,4.4e-17,-0.060,0.018
sp,Sz103,,,16 08 30.26,-39 06 11.1,2011-04-23,55674.1542,2x300,2x300,2x300,15,80,50,3,Sz103,M4.0,3270,0.70,200,0.188,0.087,1.41,0.30,0.25,0.05,0.00,,1,,Sz94,0.74,1.87,-2.4,0.14,-9.04,0.09,426,,,11.14,,0.05,15.18,0.01,13.15,0.01,12.40,0.01,11.38,0.02,10.62,0.02,10.23,0.02,,40.28,0.93,,32.10,1.97,,28.10,1.97,,33.89,0.69,,30.00,1.81,,33.80,,1.77,,39.77,1.21,,151.04,4.31,,81.20,,7.66,,317.0,40.0,Sz103,1e-13,4e-15,-3.228,0.302,2e-14,7e-16,-1.838,0.139,1.4e-14,7e-16,-1.625,0.207,1.2e-14,6e-16,-1.771,0.221,1e-14,,9e-16,-1.907,0.359,9.7e-15,7e-16,-2.539,0.607,8.5e-15,8.7e-16,-2.265,0.690,,6.3e-15,5.5e-16,-1.485,0.302,,5e-15,1.8e-16,-1.230,0.119,,3.7e-15,6e-17,-1.000,0.032,,2.9e-15,9e-17,-0.836,0.057,,1.9e-15,1.6e-16,-0.569,0.094,,1.8e-15,2.8e-16,-0.640,0.132,,4e-15,9.7e-16,-0.048,0.012,,5.6e-15,1.2e-15,-0.061,0.014,,4.6e-15,5e-16,-0.028,0.003,,5.1e-15,9e-16,-0.054,0.010,,4.2e-15,5e-16,-0.045,0.006,,2.4e-15,1.1e-16,-0.027,0.001,<,9e-16,,,,<,1.7e-15,,,,,7.9e-16,1.4e-16,-0.118,0.028,,1.1e-15,7e-17,-0.110,0.010,<,3.6e-17,,,,,7e-16,1e-17,-0.076,0.002,2.5e-15,1.7e-16,-0.169,0.018,,1.5e-15,1.6e-16,-0.065,0.008,,7.3e-16,4.6e-17,-0.022,0.002,,4.9e-15,6.9e-16,-0.054,0.008,,9.8e-16,2.2e-16,-0.062,0.016,,5.5e-16,1.2e-16,-0.053,0.014,,,1.3e-14,5e-16,-3.032,0.836,,1.3e-14,2e-16,-2.480,0.210,,3.6e-15,1e-16,-0.055,0.002,,3.8e-15,1e-16,-0.060,0.002,,3.2e-15,4e-17,-0.046,0.001,4.9e-16,1e-16,-0.031,0.012,2.6e-16,1.3e-16,-0.016,0.010
sp,Sz104,,,16 08 30.81,-39 05 48.8,2010-04-06,55292.2549,2x300,2x300,2x300,10,70,50,3,Sz104,M5.0,3125,0.00,200,0.102,0.047,1.11,0.26,0.15,0.02,0.02,,1,,SO641,0.65,1.90,-3.2,0.06,-9.72,0.23,201,,,15.25,,0.05,15.64,0.01,13.57,0.01,12.78,0.01,11.66,0.02,11.00,0.02,10.65,0.02,,,,,25.50,1.47,,22.50,1.47,,,,,20.00,1.01,,21.30,,1.10,,,,,,,,47.90,,4.62,,441.0,53.2,Sz104,4.9e-14,1.2e-15,-3.444,0.315,1e-14,2e-16,-2.905,0.252,6.4e-15,2.4e-16,-2.794,0.396,4.9e-15,2.9e-16,-2.605,0.549,3.2e-15,,1.3e-16,-2.113,0.423,3e-15,1.2e-16,-2.424,0.386,2e-15,2.3e-16,-1.678,0.912,,1.7e-15,1.4e-16,-1.600,0.458,,1.3e-15,8e-17,-1.692,0.396,,1.2e-15,7e-17,-2.736,0.729,,6e-16,4.6e-17,-0.725,0.202,,5.1e-16,2.6e-17,-1.078,0.298,,4.6e-16,9.4e-17,-0.482,0.260,,1.5e-15,6.4e-16,-0.017,0.008,,4.5e-15,1.8e-15,-0.064,0.021,<,2.2e-15,,,,<,1.5e-15,,,,<,1.2e-15,,,,,3.7e-16,6.6e-17,-0.006,0.001,<,5.2e-16,,,,<,7.1e-15,,,,,2e-16,3e-17,-0.105,0.022,,3.7e-16,5.7e-17,-0.136,0.029,<,2e-17,,,,,7e-17,1.9e-17,-0.020,0.007,1.2e-15,1.1e-16,-0.244,0.043,,4.5e-16,5.7e-17,-0.044,0.007,,3.2e-16,6.3e-17,-0.022,0.005,,1.2e-14,2e-15,-0.137,0.031,,1.3e-16,6e-17,-0.022,0.011,,2e-16,9e-18,-0.070,0.004,,,3e-15,5e-17,-2.578,0.491,,2.8e-15,5e-17,-1.986,0.318,,2e-15,8e-17,-0.050,0.002,,2e-15,1.4e-16,-0.051,0.004,<,1.3e-15,,,,6.5e-16,2.6e-17,-0.107,0.014,3.8e-16,6.7e-17,-0.062,0.014
sp,Lup706,,,16 08 37.30,-39 23 10.8,2010-04-06,55292.2796,4x900,4x900,4x900,6,20,30,3,[LEM2005] Lup706,M7.5,2795,0.00,200,0.003,0.001,0.22,0.05,0.06,0.03,0.02,,32,"1,3",TWA26,2.40,13.50,-4.8,0.11,-11.63,0.51,328,,,,,,20.70,0.06,18.44,0.05,16.68,0.03,15.17,0.06,14.24,0.06,13.83,0.04,,,,,2.23,0.15,,2.01,0.15,,,,,1.77,0.11,,1.93,,0.11,,,,,,,,1.29,,0.54,<,50.0,,Lup706,3.4e-15,5e-17,-20.994,4.330,3e-16,1e-17,-5.653,1.950,1.2e-16,1.1e-17,-2.294,1.420,7.5e-17,7.7e-18,-1.297,0.571,5.6e-17,,9e-19,-1.954,0.711,4.1e-17,1.3e-17,-0.703,0.580,3.1e-17,4.1e-18,-0.582,0.201,,2.3e-17,4.8e-18,-0.645,0.267,,2.1e-17,2.8e-18,-0.460,0.212,,1.9e-17,2e-18,-0.247,0.094,,1.8e-17,3.3e-18,-0.495,0.304,<,1.9e-17,,,,<,1.9e-17,,,,,3.7e-16,8.9e-17,-0.074,0.019,,3.9e-16,1.4e-16,-0.089,0.035,,3.6e-16,3.7e-17,-0.121,0.013,,2e-16,1.8e-17,-0.084,0.009,,1.9e-16,2.8e-17,-0.103,0.018,,1.5e-16,2.4e-17,-0.087,0.016,,5.5e-17,1.3e-17,-0.023,0.019,<,5.3e-16,,,,<,8.6e-18,,,,,,,,,<,1.4e-18,,,,,,,,,5.2e-17,1.1e-17,-0.587,0.494,,2e-17,2.4e-18,-0.224,0.071,,1e-17,2e-18,-0.064,0.020,<,1.3e-16,,,,<,4.3e-18,,,,,,,,,,,2.9e-17,4.1e-18,-0.364,0.141,,3.2e-17,4e-18,-0.389,0.191,,1.2e-16,2e-18,-0.154,0.005,,1.7e-16,9e-18,-0.226,0.018,,2.5e-16,6e-18,-0.223,0.006,1.1e-17,9.9e-18,-0.084,0.092,9.3e-18,4.3e-18,-0.070,0.072
sp,Sz106,,,16 08 39.76,-39 06 25.3,2012-04-18,56035.3051,2x450,2x400,2x450,36,85,50,3,Sz106,M0.5,3777,1.00,200,0.098,0.045,0.72,0.17,0.62,0.00,0.05,,32,3,TWA25,0.97,1.87,-2.5,0.14,-9.83,0.06,459,17.63,0.05,16.26,,0.02,15.97,0.02,14.66,0.01,14.14,0.01,11.65,0.03,10.66,0.03,10.15,0.02,,67.53,1.49,,60.10,4.42,,81.30,4.42,,60.65,1.12,,72.10,3.58,,73.80,,3.86,,54.90,1.01,,106.83,2.66,,69.50,,6.56,<,50.0,,Sz106,2.4e-14,9e-16,-1.155,0.083,9.5e-15,6.5e-16,-0.790,0.096,9e-15,1.1e-15,-1.090,0.181,7.4e-15,4.9e-16,-1.246,0.179,7.4e-15,,5.1e-16,-1.606,0.346,6.5e-15,2.8e-16,-1.562,0.170,6e-15,7.1e-16,-1.509,0.313,,4.7e-15,4.3e-16,-1.185,0.171,,3.2e-15,1.5e-16,-0.776,0.055,,2.4e-15,3e-17,-0.620,0.018,,1.9e-15,5e-17,-0.447,0.021,,1.2e-15,6e-17,-0.271,0.019,,1.1e-15,9e-17,-0.243,0.026,,1.5e-15,6.4e-16,-0.058,0.030,,2.3e-15,9.6e-16,-0.107,0.040,,1.6e-15,2.4e-16,-0.061,0.009,,9.2e-15,1.5e-15,-0.043,0.005,,7.7e-15,7e-17,-0.044,0.002,,3.7e-16,1.1e-16,-0.034,0.007,<,8.1e-16,,,,,4.1e-15,1.7e-15,-0.284,0.141,,6.9e-16,5e-17,-0.131,0.015,,9.9e-16,1.1e-16,-0.098,0.014,<,1.4e-16,,,,,6.3e-16,2.9e-17,-0.068,0.004,1.7e-15,4e-17,-0.096,0.003,,4.1e-16,5.5e-17,-0.021,0.003,,4.2e-16,3.6e-17,-0.020,0.002,,1.1e-14,9e-16,-0.441,0.044,,7.3e-16,9.2e-17,-0.058,0.009,,6e-16,9.7e-17,-0.053,0.010,,,4.7e-15,2e-16,-1.231,0.133,,5.6e-15,2.6e-16,-1.216,0.250,,2e-15,6e-17,-0.086,0.003,,2.2e-15,4e-17,-0.106,0.003,,2.2e-15,3e-17,-0.100,0.002,2.8e-15,9e-17,-0.161,0.026,2e-15,5e-17,-0.111,0.022
sp,Par-Lup3-3,,,16 08 49.40,-39 05 39.3,2010-04-06,55292.3586,2x300,2x300,2x300,5,50,30,3,[EDJ2009]  65,M4.0,3270,2.20,200,0.240,0.110,1.59,0.37,0.25,0.05,0.05,,1,1,TWA15A,0.50,1.10,-2.9,0.01,-9.49,0.19,240,16.76,0.05,,,,16.27,0.01,14.24,0.01,13.19,0.01,11.45,0.02,10.17,0.02,9.55,0.02,,65.63,1.45,,69.40,4.79,,79.00,4.79,,64.63,1.19,,77.60,3.75,,127.00,,6.39,,162.46,2.84,,301.08,6.66,,191.00,,18.10,<,50.0,,Par-Lup3-3,9e-14,2.1e-15,-2.896,0.224,9.5e-15,7.7e-16,-0.954,0.190,4.8e-15,6.3e-16,-0.704,0.245,3.5e-15,7.1e-16,-0.587,0.338,2.3e-15,,4.9e-16,-0.732,0.676,2.3e-15,5.5e-16,-0.518,0.353,1.9e-15,4e-16,-0.197,0.065,<,1.6e-15,,,,<,1.8e-15,,,,<,1.6e-15,,,,<,1.4e-15,,,,<,1.2e-15,,,,<,6.3e-16,,,,<,4e-15,,,,,3.8e-15,1.8e-15,-0.030,0.015,<,3.2e-15,,,,<,2.1e-15,,,,,2.1e-15,6e-16,-0.024,0.007,<,1.2e-15,,,,,,,,,<,9.2e-15,,,,,,,,,<,3.2e-16,,,,,,,,,,,,,,1e-15,2.6e-16,-0.052,0.016,,2.9e-16,8e-17,-0.011,0.003,,3.3e-16,7.5e-17,-0.010,0.002,,4.2e-14,6.3e-15,-0.341,0.065,<,9.8e-16,,,,,,,,,,,3.3e-15,2.8e-16,-0.528,0.209,,3.6e-15,3.2e-16,-0.768,0.351,,4.6e-15,1.2e-16,-0.077,0.002,,3.5e-15,1e-16,-0.067,0.002,,3.8e-15,5e-17,-0.063,0.001,2.2e-15,3.9e-16,-0.102,0.058,1.6e-15,1.2e-16,-0.075,0.041
sp,Par-Lup3-4,,+,16 08 51.43,-39 05 30.4,2010-04-07,55293.1763,4x900,4x900,4x900,7,30,45,3,[EDJ2009]  66,M4.5,3197,0.00,200,0.003,0.001,0.17,0.04,0.13,0.02,0.00,>,50,"1,3",SO641,2.00,3.00,-4.1,0.25,-11.37,0.46,393,,,21.19,:,,19.53,0.04,18.18,0.05,17.74,0.06,15.46,0.06,14.26,0.04,13.31,0.04,,2.77,0.07,,2.80,0.15,,2.88,0.15,,3.39,0.08,,2.24,0.13,,1.73,,0.10,,10.40,0.47,,69.93,2.83,,26.60,,2.55,,492.0,53.6,Par-Lup3-4,1.7e-14,1e-16,-41.106,3.090,1.2e-15,4e-17,-9.077,2.180,4.5e-16,3.2e-17,-3.512,1.400,3.1e-16,5e-17,-2.395,1.440,2.6e-16,+,5.9e-17,-2.047,0.512,1.7e-16,2.9e-17,-1.271,0.635,1.1e-16,1.6e-17,-0.631,0.295,,9.5e-17,1.8e-17,-0.761,0.318,,8e-17,6.4e-18,-0.785,0.124,,3.3e-17,7.9e-18,-0.227,0.074,,6.9e-17,8.6e-18,-0.823,0.212,<,4.4e-17,,,,<,4.1e-17,,,,,1.4e-15,1.8e-16,-0.511,0.081,,9e-16,1.1e-16,-0.367,0.053,,5.9e-16,4.6e-17,-0.331,0.031,<,4.1e-16,,,,,3.7e-16,2.3e-17,-0.254,0.018,,2.4e-16,4.1e-17,-0.181,0.036,,3e-16,6.2e-17,-0.120,0.026,<,1.4e-16,,,,,,,,,,2.5e-17,5e-18,-0.171,0.069,,,,,,<,1.2e-17,,,,1.4e-16,1.7e-17,-0.602,0.190,,7.5e-17,1.1e-17,-0.268,0.056,,4.3e-17,2.7e-18,-0.103,0.008,,1.6e-15,1.2e-16,-0.642,0.062,,6.9e-17,6.3e-18,-0.497,0.089,,,,,,,,4.6e-16,2.5e-17,-2.682,1.130,,4e-16,1.1e-17,-2.701,0.761,,7.3e-16,2.8e-17,-0.736,0.047,,7.6e-16,1.6e-17,-0.783,0.027,,8.1e-16,3.7e-17,-0.712,0.047,1.3e-16,2e-17,-0.429,0.111,8e-17,3.1e-17,-0.260,0.111
sp,Sz110,V1193 Sco,,16 08 51.57,-39 03 17.7,2011-04-23,55674.3413,2x300,2x300,2x300,35,103,55,3,Sz110,M4.0,3270,0.00,200,0.276,0.127,1.61,0.37,0.35,0.05,0.05,,1,,Sz94,1.43,2.14,-2.0,0.26,-8.73,0.20,498,15.27,0.05,14.58,,0.05,13.72,0.05,12.28,0.01,12.09,0.02,10.97,0.02,10.22,0.02,9.75,0.02,,70.85,1.44,,69.90,3.61,,67.80,3.61,,63.51,1.17,,58.80,2.82,,70.50,,3.45,,99.62,1.56,,193.33,4.27,,171.00,,16.20,<,50.0,,Sz110,4.7e-13,9e-15,-6.201,0.357,1.5e-13,3e-15,-4.097,0.200,1.2e-13,3e-15,-3.932,0.235,1e-13,3e-15,-3.881,0.216,7.5e-14,,9e-15,-2.141,0.047,7.9e-14,4.4e-15,-2.879,0.312,6.1e-14,4.2e-15,-2.261,0.301,,5e-14,3.7e-15,-1.897,0.242,,3.3e-14,1.1e-15,-1.155,0.068,,1.9e-14,9e-16,-0.588,0.036,,1.4e-14,6e-16,-0.413,0.023,,9e-15,1.8e-16,-0.259,0.007,,7.4e-15,4.6e-16,-0.204,0.016,,3.7e-14,4.4e-15,-0.197,0.031,,3.2e-14,5.3e-15,-0.190,0.035,,2.2e-14,1e-15,-0.140,0.007,<,1.5e-14,,,,,1e-14,5e-16,-0.060,0.003,,6.9e-15,1.7e-15,-0.043,0.011,<,6.3e-15,,,,<,7.7e-15,,,,,6.4e-15,4.8e-16,-0.240,0.027,,1.1e-14,5e-16,-0.348,0.030,,1.7e-15,3.2e-16,-0.048,0.011,,3.4e-15,1.2e-16,-0.099,0.005,1.6e-14,5e-16,-0.352,0.018,,8.3e-15,2e-16,-0.137,0.004,,4.7e-15,3e-17,-0.063,0.000,,3.5e-14,1.1e-14,-0.239,0.098,,5.8e-15,4.7e-16,-0.141,0.015,,4.3e-15,2.5e-16,-0.128,0.010,,,4.5e-14,1.2e-15,-1.561,0.125,,3.8e-14,1.5e-15,-1.275,0.128,,1.1e-14,4e-16,-0.087,0.004,,1.3e-14,3e-16,-0.104,0.003,,1.2e-14,1e-16,-0.092,0.001,7.5e-15,2.6e-16,-0.157,0.038,3.9e-15,1.6e-16,-0.083,0.028
sp,Sz111,Hen 3-1145,,16 08 54.69,-39 37 43.1,2012-04-18,56035.1229,2x300,2x250,2x100,50,90,45,3,Sz111,M1,3705,0.00,200,0.330,0.152,1.40,0.32,0.75,0.05,0.13,,6,,TWA13A,1.36,9.60,-2.2,0.04,-9.32,0.41,455,15.34,0.05,13.98,,0.05,13.29,0.05,12.24,0.01,,,10.62,0.02,9.80,0.02,9.54,0.02,,50.76,1.08,,,,,,,,31.48,0.55,,,,,,,,,8.47,0.26,,42.18,1.40,,41.50,,3.86,<,50.0,,Sz111,1.1e-12,1e-14,-8.433,0.325,9.9e-14,4.1e-15,-1.990,0.144,6.7e-14,3.7e-15,-2.203,0.226,5.5e-14,3e-15,-2.301,0.216,4.6e-14,,1.4e-15,-2.272,0.136,4.1e-14,2.4e-15,-2.173,0.232,3.6e-14,2.2e-15,-1.994,0.216,,2.6e-14,1.2e-15,-1.337,0.093,,1.9e-14,1.1e-15,-0.942,0.007,,1.3e-14,2e-16,-0.570,0.014,,8.6e-15,6.9e-16,-0.361,0.037,,6.7e-15,2.2e-16,-0.288,0.013,,6.1e-15,3e-16,-0.254,0.016,,5.7e-14,1e-14,-0.344,0.073,,4.9e-14,9.7e-15,-0.257,0.057,,3.5e-14,5.1e-15,-0.193,0.031,,1.4e-14,5e-16,-0.064,0.002,,1.6e-14,1.7e-15,-0.075,0.008,,1.2e-14,2.6e-15,-0.060,0.014,,1e-14,3.1e-15,-0.154,0.048,<,2.8e-14,,,,,4.6e-15,2.8e-16,-0.212,0.022,,6.8e-15,4.5e-16,-0.161,0.015,,1.7e-15,3.7e-16,-0.035,0.009,,3.6e-15,5.5e-16,-0.085,0.016,1.1e-14,4e-16,-0.121,0.005,,4.4e-15,4.1e-16,-0.038,0.004,,4.3e-15,1.1e-16,-0.032,0.001,,4.4e-14,4.2e-15,-0.232,0.027,,3.3e-15,4.8e-16,-0.060,0.010,,4.4e-15,3e-16,-0.089,0.008,,,1.3e-14,2e-16,-0.731,0.032,,2.5e-14,9e-16,-1.199,0.086,,1.1e-14,2e-16,-0.073,0.002,,1.3e-14,2e-16,-0.096,0.002,,1.3e-14,2e-16,-0.092,0.002,6.4e-15,1.3e-16,-0.071,0.021,4.3e-15,4.8e-16,-0.048,0.014
sp,Sz112,,,16 08 55.52,-39 02 33.9,2012-04-18,56035.2644,2x350,2x300,2x350,20,40,35,3,Sz112,M5.0,3125,0.00,200,0.191,0.088,1.52,0.35,0.25,0.00,0.08,,1,,SO641,0.40,1.40,-3.2,0.03,-9.81,0.15,160,16.62,0.05,15.39,,0.05,14.92,0.01,12.93,0.01,12.12,0.01,11.00,0.02,10.29,0.02,9.96,0.02,,49.42,1.14,,48.70,2.96,,38.00,2.96,,39.38,0.69,,30.40,1.49,,24.80,,1.22,,38.33,0.64,,152.72,3.66,,124.00,,11.70,,120.0,25.2,Sz112,4.7e-14,1.7e-15,-1.782,0.172,7.3e-15,2.3e-16,-1.173,0.117,3.8e-15,1.4e-16,-0.970,0.100,2.5e-15,1.4e-16,-0.816,0.129,2e-15,,2.6e-16,-1.020,0.459,1.5e-15,2.1e-16,-1.075,0.413,1.2e-15,8e-17,-0.761,0.148,,8.8e-16,9.2e-17,-0.572,0.177,,6.5e-16,7.3e-17,-0.394,0.099,,4.6e-16,4.3e-17,-0.385,0.082,,4e-16,3.5e-17,-0.294,0.067,,3.1e-16,5e-17,-0.375,0.195,,2.9e-16,6.5e-17,-0.375,0.134,<,2.3e-15,,,,<,1.8e-15,,,,,,,,,,,,,,,,,,,,,,,,<,2.9e-15,,,,,,,,,,1.3e-16,3.5e-17,-0.039,0.013,,1.8e-16,2.9e-17,-0.037,0.007,,,,,,,1.5e-16,2.5e-17,-0.028,0.005,6.5e-16,6e-17,-0.064,0.008,,4e-16,7.8e-17,-0.021,0.004,,2.1e-16,2.1e-17,-0.007,0.001,<,2.5e-14,,,,,1.4e-16,5.2e-17,-0.013,0.005,,6.8e-17,1.7e-17,-0.012,0.003,,,3e-15,1e-16,-2.221,0.863,,2.7e-15,7e-17,-1.396,0.229,<,2e-15,,,,<,1.2e-15,,,,,,,,,4.9e-16,5.2e-17,-0.043,0.015,2.6e-16,2e-17,-0.023,0.016
sp,Sz113,,,16 08 57.80,-39 02 22.7,2011-04-23,55674.3566,2x900,2x900,2x900,15,70,38,3,Sz113,M4.5,3197,1.00,200,0.064,0.030,0.83,0.19,0.17,0.03,0.04,,3,,SO797,1.86,2.29,-2.1,0.56,-8.80,0.20,392,17.46,0.05,16.50,,0.05,16.73,0.01,14.65,0.01,13.69,0.01,12.47,0.02,11.72,0.02,11.26,0.02,,25.09,0.56,,15.40,0.89,,15.00,0.89,,26.16,0.43,,14.90,0.72,,20.50,,0.99,,32.39,0.51,,59.69,1.76,,56.10,,5.35,,88.3,16.0,Sz113,2.6e-13,1e-15,-21.220,0.581,5.9e-14,6e-16,-11.030,0.872,3e-14,6e-16,-8.414,1.410,2e-14,6e-16,-4.798,0.657,1.6e-14,+,8e-16,-1.250,0.155,1.4e-14,8e-16,-2.578,0.532,1.3e-14,1e-15,-3.011,0.611,,1.3e-14,1.1e-15,-3.200,0.710,,1.1e-14,5e-16,-1.572,0.222,,1e-14,6.4e-16,-1.632,0.210,,9.7e-15,1.9e-16,-1.822,0.133,,7.6e-15,1.9e-16,-2.103,0.063,,5.1e-15,3.4e-16,-2.028,0.544,,2.6e-14,2.1e-15,-0.679,0.071,,1.8e-14,1.2e-15,-0.425,0.035,,1.3e-14,6e-16,-0.352,0.020,,9.6e-15,4e-16,-0.188,0.011,,7.6e-15,5.9e-16,-0.198,0.019,,6.2e-15,4.9e-16,-0.170,0.016,,5.8e-15,1.2e-15,-0.346,0.084,,6.2e-15,1.5e-15,-0.340,0.097,,1.8e-15,2.9e-16,-0.478,0.160,,1.4e-15,1.2e-16,-0.280,0.051,,1.7e-16,4.3e-17,-0.035,0.010,,7e-16,1e-16,-0.140,0.020,4.2e-15,2.5e-16,-0.667,0.083,,2.1e-15,8e-17,-0.249,0.014,,7.3e-16,1.5e-17,-0.058,0.002,,1.8e-14,1.4e-15,-0.425,0.045,,1.6e-14,4e-16,-2.455,0.317,,3.3e-16,3.1e-17,-0.082,0.010,+,,1.4e-13,1e-15,-11.947,0.961,,7.5e-14,1e-15,-10.067,2.400,,1.2e-13,2e-15,-4.760,0.305,,1.3e-13,1e-15,-5.039,0.107,,1.1e-13,1e-15,-3.721,0.071,1.1e-14,3e-16,-1.673,0.050,8.7e-15,2.6e-16,-1.282,0.056
sp,2MASS J16085953-3856275,,+,16 08 59.53,-38 56 27.6,2011-04-23,55674.2808,4x900,4x900,4x900,5,18,20,3,[EDJ2009]  74,M8.5,2600,0.00,200,0.009,0.004,0.47,0.11,0.03,0.01,0.01,,1,"1,2",TWA26,3.69,15.00,-4.6,0.08,-10.80,0.39,147,,,,,,19.79,0.04,16.91,0.02,15.56,0.02,13.90,0.03,13.29,0.03,12.84,0.03,,3.42,0.07,,3.89,0.21,,3.69,0.21,,3.66,0.07,,3.77,0.23,,4.31,,0.21,,4.94,0.18,,8.37,0.95,,5.40,,0.57,<,50.0,,2MASS J1608,3.2e-15,4e-17,-12.510,1.650,8.4e-16,2.1e-17,-7.482,2.590,5.5e-16,2.2e-17,-6.158,3.070,4.2e-16,2e-17,-5.167,3.360,3.8e-16,,1.1e-17,-3.787,0.981,2.9e-16,1.9e-17,-2.198,1.170,1.7e-16,1.5e-17,-1.074,0.411,,1.2e-16,7e-18,-0.878,0.279,,9.6e-17,1.3e-17,-0.962,0.392,,5.8e-17,1.2e-17,-0.450,0.251,<,5.8e-17,,,,<,5.4e-17,,,,<,5.6e-17,,,,<,1.4e-16,,,,<,3.5e-16,,,,<,2.8e-16,,,,<,1.9e-16,,,,<,1.3e-16,,,,<,6.9e-17,,,,<,1.7e-16,,,,<,5.6e-16,,,,<,1.3e-17,,,,<,4.8e-17,,,,<,1.5e-17,,,,<,1.5e-17,,,,1.3e-16,8e-18,-0.843,0.323,,5.9e-17,6.6e-18,-0.370,0.110,,3.4e-17,2.1e-18,-0.128,0.018,<,1e-15,,,,<,2.1e-17,,,,,,,,,,,2.2e-16,9e-18,-1.385,0.324,,2.4e-16,1.4e-17,-1.516,0.574,,1.2e-16,9e-18,-0.094,0.012,,2.3e-16,1.4e-17,-0.144,0.013,,1.1e-16,1.3e-17,-0.049,0.006,3.7e-17,8.4e-18,-0.438,0.177,2.2e-17,1.5e-17,-0.260,0.193
sp,SSTc2d160901.4-392512,,,16 09 01.40,-39 25 11.9,2011-04-23,55674.2260,2x450,2x450,2x450,20,80,45,3,[EDJ2009]  75,M4.0,3270,0.50,200,0.148,0.068,1.25,0.29,0.20,0.10,0.05,,1,,Sz94,0.84,3.85,-3.0,0.04,-9.59,0.35,447,16.92,0.05,15.31,,0.05,15.23,0.01,13.49,0.01,13.23,0.01,11.61,0.02,10.68,0.02,10.29,0.02,,43.48,0.84,,44.70,2.95,,34.00,2.95,,33.73,0.62,,30.60,1.61,,25.80,,1.29,,23.40,0.45,,58.98,2.23,,42.20,,3.96,,114.0,15.0,SST c2dJ1609,1.4e-13,3e-15,-4.140,0.248,9e-15,3.6e-16,-0.823,0.054,7.2e-15,4.1e-16,-1.082,0.080,6.1e-15,8.6e-16,-1.223,0.292,5.8e-15,+,1.5e-16,-1.620,0.091,5.9e-15,4.6e-16,-1.772,0.294,4.9e-15,3.3e-16,-1.303,0.234,,4.2e-15,5.2e-16,-1.522,0.336,,3e-15,4e-16,-0.993,0.220,,2e-15,1.7e-16,-0.650,0.102,,1.8e-15,1.3e-16,-0.798,0.106,,1.1e-15,1.6e-16,-0.358,0.070,,8.9e-16,1.6e-16,-0.255,0.063,<,5.9e-15,,,,,6e-15,1.8e-15,-0.082,0.022,,4e-15,2.5e-16,-0.033,0.003,<,3.4e-15,,,,,2.5e-15,5.3e-16,-0.038,0.007,,1.7e-15,3.5e-16,-0.021,0.002,<,1.2e-15,,,,<,5.2e-15,,,,,6.4e-16,9e-17,-0.131,0.027,,1.2e-15,1.6e-16,-0.137,0.028,<,1.6e-16,,,,,6.1e-16,3.5e-17,-0.066,0.005,3e-15,1.7e-16,-0.175,0.014,,1.2e-15,1.5e-16,-0.044,0.006,,8.7e-16,4.5e-17,-0.027,0.002,,3.1e-14,5.6e-15,-0.368,0.081,,7e-16,1.5e-16,-0.053,0.013,,5.8e-16,2.6e-17,-0.055,0.003,,,3.9e-15,2.9e-16,-1.129,0.251,,6.6e-15,2.9e-16,-1.634,0.058,,5e-15,9e-17,-0.085,0.002,,3.3e-15,2e-17,-0.062,0.001,,3.3e-15,7e-17,-0.057,0.001,3.2e-16,2.6e-17,-0.017,0.014,8.9e-17,3.1e-17,-0.005,0.010
sp,Sz114,V908 Sco,,16 09 01.84,-39 05 12.5,2011-04-23,55674.3850,2x300,2x300,2x300,30,90,30,3,Sz114,M4.8,3175,0.30,200,0.312,0.144,1.82,0.42,0.30,0.05,0.10,,1,,Sz94,0.67,2.07,-2.5,0.05,-9.11,0.26,222,15.33,0.04,14.12,:,,14.73,0.01,12.54,0.01,11.58,0.01,10.41,0.02,9.70,0.02,9.32,0.02,,118.34,2.51,,95.70,5.43,,101.00,5.43,,124.17,2.40,,97.20,4.66,,121.00,,6.02,,170.28,2.35,,374.53,8.28,,347.00,,32.30,,257.0,30.5,Sz114,2.9e-13,5e-15,-4.496,0.338,4.6e-14,1.4e-15,-2.101,0.190,2.8e-14,7e-16,-1.767,0.151,2.4e-14,1.5e-15,-1.943,0.333,2e-14,,1.2e-15,-1.960,0.523,1.8e-14,7e-16,-2.444,0.430,1.4e-14,4e-16,-1.874,0.149,,1e-14,7e-16,-1.415,0.234,,8.5e-15,6e-17,-1.280,0.024,,6.4e-15,6e-16,-1.186,0.335,,5e-15,3.5e-16,-0.937,0.140,,4e-15,1.5e-16,-0.772,0.077,,3.5e-15,5.3e-16,-0.761,0.207,,4.9e-15,1.8e-15,-0.023,0.009,,8.8e-15,3.5e-15,-0.042,0.016,<,5.5e-15,,,,<,5.1e-15,,,,,6.6e-15,3.1e-15,-0.053,0.016,<,2.2e-15,,,,<,2.7e-15,,,,<,9e-15,,,,,1.4e-15,2.3e-16,-0.118,0.030,,2.3e-15,2.2e-16,-0.124,0.016,<,8.1e-17,,,,,1.1e-15,1.1e-16,-0.060,0.006,5.2e-15,2.5e-16,-0.162,0.012,,1.8e-15,2.6e-16,-0.036,0.006,,1.7e-15,2.6e-16,-0.026,0.005,,7.1e-14,6.7e-15,-0.315,0.038,,1.5e-15,3.5e-16,-0.047,0.013,,9.5e-16,1e-16,-0.047,0.006,,,2.1e-14,3e-16,-2.932,0.303,,2.1e-14,1e-15,-2.383,0.523,,1.1e-14,3e-16,-0.079,0.003,,1e-14,3e-16,-0.080,0.003,,7.4e-15,1.9e-16,-0.050,0.001,2.2e-15,1.1e-16,-0.065,0.008,1.6e-15,1.9e-16,-0.047,0.008
sp,Sz115,,,16 09 06.21,-39 08 51.8,2012-04-18,56035.3469,2x350,2x300,2x350,20,70,45,3,Sz115,M4.5,3197,0.50,200,0.175,0.080,1.36,0.31,0.17,0.08,0.08,,1,,SO797,0.53,1.00,-2.7,0.10,-9.19,0.07,338,16.88,0.05,15.48,,0.05,15.17,0.01,13.12,0.01,12.44,0.01,11.33,0.03,10.65,0.03,10.45,0.03,,25.94,0.55,,22.20,1.36,,18.40,1.36,,18.79,0.38,,14.80,0.72,,12.40,,0.59,,10.59,0.51,,12.53,1.66,,10.50,,1.01,<,50.0,,Sz115,3.9e-14,2.2e-15,-1.132,0.112,1.1e-14,7e-16,-0.939,0.117,6.7e-15,1.4e-16,-0.846,0.035,4.7e-15,3.8e-16,-0.810,0.127,3.5e-15,,5.7e-16,-1.181,0.350,2.9e-15,2.9e-16,-0.765,0.190,2.4e-15,1.8e-16,-0.899,0.137,,1.8e-15,1.9e-16,-0.580,0.145,,1.4e-15,2.3e-16,-0.530,0.127,,9.6e-16,1.8e-16,-0.375,0.134,,7.1e-16,1.2e-16,-0.315,0.118,,5.9e-16,1.1e-16,-0.236,0.038,,5.3e-16,1.2e-16,-0.300,0.059,<,2.5e-15,,,,<,8.5e-16,,,,,,,,,,,,,,,,,,,,,,,,<,8.6e-16,,,,,,,,,,3.2e-16,4.9e-17,-0.056,0.013,,4.2e-16,7.2e-17,-0.043,0.008,,,,,,,2.6e-16,2.8e-17,-0.027,0.003,1.3e-15,1.5e-16,-0.081,0.012,,4.3e-16,9.4e-17,-0.016,0.004,,3.1e-16,3.9e-17,-0.008,0.001,,,,,,,1.7e-16,2.8e-17,-0.010,0.002,,1.2e-16,3.2e-17,-0.012,0.003,,,7.1e-15,1.5e-16,-2.067,0.254,,6.3e-15,1.1e-16,-1.358,0.063,,3e-15,8e-17,-0.044,0.001,,2e-15,1.4e-16,-0.032,0.002,,1.4e-15,6e-17,-0.021,0.001,5.8e-16,1.7e-16,-0.031,0.008,2.9e-16,2.2e-16,-0.016,0.008
sp,Lup818s,,+,16 09 56.29,-38 59 51.7,2011-04-23,55674.2442,2x900,2x900,2x900,5,25,33,3,[LEM2005] Lup818s,M6.0,2990,0.00,200,0.025,0.011,0.58,0.13,0.08,0.02,0.02,,3,"1,2",SO925,1.06,4.00,-4.1,0.08,-10.63,0.48,200,17.37,0.05,,,,17.58,0.02,15.28,0.01,14.24,0.01,13.01,0.03,12.39,0.03,11.99,0.03,,7.42,0.26,,7.44,0.39,,6.50,0.39,,7.17,0.20,,5.81,0.29,,7.63,,0.37,,7.52,0.21,,12.45,1.01,,11.70,,1.12,,96.9,22.1,Lup818s,1.1e-14,2e-16,-5.429,0.369,2.8e-15,8e-17,-4.887,0.848,2e-15,9e-17,-6.414,2.350,1.5e-15,5e-17,-5.204,1.530,1.2e-15,,1e-17,-3.297,0.830,9.3e-16,8.1e-17,-2.033,0.814,7e-16,5.6e-17,-2.145,0.929,,4.8e-16,3.6e-17,-1.295,0.361,,3.3e-16,3.2e-17,-1.116,0.406,,2e-16,2e-18,-0.673,0.062,,1.5e-16,2.8e-17,-0.621,0.203,,1.1e-16,2.2e-17,-0.377,0.216,,1e-16,2.6e-17,-0.446,0.396,,3.4e-16,1.1e-16,-0.016,0.006,,6.2e-16,3.6e-16,-0.044,0.020,<,4.8e-16,,,,<,4.5e-16,,,,<,4.2e-16,,,,<,1.2e-16,,,,<,2.3e-16,,,,<,9.9e-16,,,,,5.5e-17,1.4e-17,-0.205,0.118,,1.1e-16,2e-17,-0.263,0.105,,,,,,<,4.7e-17,,,,3.5e-16,2.8e-17,-0.448,0.102,,2e-16,3.9e-17,-0.144,0.039,,1e-16,1.1e-17,-0.047,0.006,,3.1e-15,3.7e-16,-0.170,0.025,<,2.4e-17,,,,,3.2e-17,6.3e-18,-0.069,0.019,,,7.4e-16,2.1e-17,-2.176,0.553,,7.5e-16,1.3e-17,-1.594,0.300,,4.1e-16,1.1e-17,-0.060,0.002,,5.6e-16,3.7e-17,-0.072,0.005,<,3.5e-16,,,,2.8e-16,7e-18,-0.259,0.087,2.2e-16,9e-18,-0.205,0.072
sp,Sz123A (S),,,16 10 51.34,-38 53 14.6,2012-04-18,56035.2784,2x700,2x600,2x350,25,60,45,3,Sz123,M1,3705,1.25,200,0.203,0.093,1.10,0.25,0.60,0.20,0.03,,7,,TWA2A,1.71,2.71,-1.8,0.22,-8.93,0.30,487,16.27,0.05,14.90,,0.05,15.04,0.01,13.37,0.01,12.68,0.01,11.47,0.02,10.55,0.02,10.03,0.02,<,55.20,,<,59.90,,<,50.40,,<,45.97,,<,42.60,,<,44.90,,,<,43.65,,<,72.36,,<,61.00,,,<,327.0,,Sz123A (S),2e-12,1e-14,-18.491,0.463,3e-13,5e-15,-6.204,0.373,1.7e-13,4e-15,-4.582,0.273,1.3e-13,4e-15,-4.076,0.310,1e-13,,2e-15,-3.630,0.161,9.1e-14,6.5e-15,-3.243,0.571,7.5e-14,2.2e-15,-2.793,0.174,,6e-14,2e-15,-2.235,0.137,,4.5e-14,1.1e-15,-1.561,0.079,,3e-14,9e-16,-0.944,0.051,,2.5e-14,1.9e-15,-0.782,0.111,,1.9e-14,2e-16,-0.507,0.012,,1.6e-14,8e-16,-0.454,0.040,,9e-14,1.2e-14,-0.767,0.133,,6.1e-14,9.4e-15,-0.451,0.084,,4.1e-14,6.2e-15,-0.299,0.052,,2.4e-14,2.6e-15,-0.150,0.018,,2e-14,2e-15,-0.121,0.013,,1.9e-14,1.3e-15,-0.123,0.010,,1.8e-14,3.6e-15,-0.358,0.079,<,5e-15,,,,,6.8e-15,5.7e-16,-0.222,0.029,,1.3e-14,7e-16,-0.305,0.026,,1.9e-15,2.7e-16,-0.039,0.006,,3.9e-15,2.4e-16,-0.087,0.007,2.4e-14,1.1e-15,-0.405,0.029,,8.1e-15,4.7e-16,-0.106,0.008,,4.3e-15,2.6e-16,-0.044,0.003,,5.1e-14,4.5e-15,-0.369,0.042,,5.7e-15,7.2e-16,-0.104,0.017,,4.1e-15,1.4e-16,-0.089,0.004,,,6.4e-14,3e-16,-2.473,0.564,,6.4e-14,9e-16,-2.084,0.198,,1.6e-14,2e-16,-0.117,0.002,,2.7e-14,3e-16,-0.193,0.002,,2.3e-14,2e-16,-0.161,0.002,2.1e-14,3e-16,-0.330,0.039,1.4e-14,2e-16,-0.214,0.026
sp,Sz123B (N),,,16 10 51.31,-38 53 12.8,2012-04-18,56035.2784,2x700,2x600,2x350,25,70,35,3,Sz123,M2.0,3560,0.00,200,0.051,0.024,0.58,0.13,0.50,0.00,0.10,,40,3,TWA15B,1.36,2.45,-2.7,0.09,-10.03,0.36,519,17.22,0.05,15.72,,0.05,15.79,0.01,14.29,0.01,13.84,0.01,12.42,0.02,11.63,0.02,11.51,0.02,<,55.20,,<,59.90,,<,50.40,,<,45.97,,<,42.60,,<,44.90,,,<,43.65,,<,72.36,,<,61.00,,,<,327.0,,Sz123B (N),3.1e-13,3e-15,-17.293,0.790,4.3e-14,9e-16,-6.841,0.669,1.8e-14,4e-16,-4.108,0.298,1.1e-14,5e-16,-2.765,0.497,7.8e-15,,2.6e-16,-2.303,0.385,7e-15,6.3e-16,-2.979,0.791,5.1e-15,5.2e-16,-2.069,0.583,,4.1e-15,5.1e-16,-1.976,0.634,,3e-15,4.1e-16,-1.393,0.521,,2.2e-15,3.6e-16,-0.915,0.351,,3e-15,3.6e-16,-1.030,0.406,,1.5e-15,2.6e-16,-0.668,0.221,,1.1e-15,2e-16,-0.480,0.180,,2.2e-14,3.9e-15,-0.888,0.239,,1.4e-14,2.2e-15,-0.537,0.106,,9.5e-15,1.9e-15,-0.370,0.086,,6.2e-15,1.1e-15,-0.206,0.045,,5.1e-15,1.6e-15,-0.159,0.055,,3e-15,5.3e-16,-0.068,0.021,,5.7e-15,1e-15,-0.690,0.151,,9.5e-15,7.8e-16,-0.925,0.112,,6.3e-16,8.7e-17,-0.256,0.061,,1.6e-15,1.4e-16,-0.375,0.049,,1.9e-16,4.6e-17,-0.033,0.009,,9.9e-16,2.6e-16,-0.166,0.058,4.5e-15,4.6e-16,-0.510,0.086,,1.4e-15,1.8e-16,-0.101,0.017,,9.3e-16,1e-16,-0.052,0.007,,1.4e-14,2.5e-15,-0.537,0.130,,9.2e-16,1.5e-16,-0.134,0.028,,5.6e-16,7.9e-17,-0.103,0.019,,,6.2e-15,4.2e-16,-3.258,1.390,,7.9e-15,1.1e-15,-2.989,0.711,,5.2e-15,1.4e-16,-0.186,0.007,,7.1e-15,2.9e-16,-0.273,0.013,,6.2e-15,2.9e-16,-0.226,0.013,3.3e-15,1.7e-16,-0.347,0.043,2e-15,1.1e-16,-0.211,0.027
sp,SST-Lup3-1,,+,16 11 59.81,-38 23 38.5,2010-04-06,55292.3781,2x450,2x450,2x450,6,35,40,3,SST-Lup3-1,M5.0,3125,0.00,200,0.059,0.027,0.85,0.19,0.13,0.02,0.04,,2,,SO641,1.23,6.00,-3.6,0.03,-10.17,0.48,254,18.17,0.05,16.55,,0.05,16.25,0.01,14.26,0.01,13.46,0.01,12.20,0.02,11.51,0.03,11.20,0.02,,14.02,0.30,,15.80,0.84,,13.10,0.84,,11.48,0.21,,11.00,0.53,,12.90,,0.61,,13.27,0.31,,20.70,1.64,,21.00,,1.98,<,50.0,,SST-Lup3-1,3.2e-14,1.1e-15,-4.324,0.559,8.6e-15,2.6e-16,-4.870,0.650,6.2e-15,1.6e-16,-6.160,0.630,4.8e-15,1.5e-16,-5.613,0.998,3.5e-15,,7e-17,-3.467,0.700,2.9e-15,2e-16,-3.740,1.670,2.2e-15,1.5e-16,-3.418,1.320,,1.6e-15,1.5e-16,-2.644,1.320,,1.4e-15,1.1e-16,-3.187,0.873,,9.2e-16,6.8e-17,-1.539,0.606,,6.4e-16,4.6e-17,-2.175,0.476,,6e-16,7.2e-17,-1.257,0.385,,4.9e-16,5.1e-17,-1.311,0.629,,4e-15,7e-16,-0.028,0.010,,3.7e-15,1.3e-15,-0.074,0.024,<,1.6e-15,,,,<,9.1e-16,,,,<,7.2e-16,,,,,3e-16,6.4e-17,-0.008,0.002,,,,,,<,2.9e-15,,,,,1.8e-16,2.1e-17,-0.218,0.042,,3.8e-16,3.9e-17,-0.276,0.058,,,,,,,9.7e-17,1.7e-17,-0.055,0.013,1.1e-15,4e-17,-0.458,0.038,,4.8e-16,4.9e-17,-0.096,0.014,,3.4e-16,4.8e-17,-0.047,0.008,,7.8e-15,1.7e-15,-0.148,0.039,,2.7e-16,6.3e-17,-0.105,0.031,,1.9e-16,1.9e-17,-0.148,0.021,,,2.2e-15,5e-17,-3.132,0.697,,2.3e-15,1.7e-16,-2.322,0.361,,1.3e-15,3e-17,-0.060,0.002,,1.6e-15,1.2e-16,-0.068,0.006,,1.2e-15,4e-17,-0.047,0.002,2.4e-16,2.3e-17,-0.084,0.019,1.7e-16,1.8e-17,-0.058,0.019
